"start_date","end_date","psa2012","aud","timeframe","aud_charter","aud_dcps","charter_present","dcps_present","school_present","psa2012_nf","Pct25andOverWoutHS","Pct25andOverWoutHS_m"
"01JAN2001","31DEC2001","PSA 101",294,2001,0.0,294,0.0,1.0,1.0,101,"X","X"
"01JAN2002","31DEC2002","PSA 101",0.0,2002,0.0,0.0,0.0,0.0,0.0,101,"X","X"
"01JAN2003","31DEC2003","PSA 101",281,2003,0.0,281,0.0,1.0,1.0,101,"X","X"
"01JAN2004","31DEC2004","PSA 101",264,2004,0.0,264,0.0,1.0,1.0,101,"X","X"
"01JAN2005","31DEC2005","PSA 101",292,2005,0.0,292,0.0,1.0,1.0,101,"X","X"
"01JAN2006","31DEC2006","PSA 101",343,2006,0.0,343,0.0,1.0,1.0,101,"X","X"
"01JAN2007","31DEC2007","PSA 101",395,2007,0.0,395,0.0,1.0,1.0,101,"X","X"
"01JAN2008","31DEC2008","PSA 101",352,2008,0.0,352,0.0,1.0,1.0,101,"X","X"
"01JAN2009","31DEC2009","PSA 101",398,2009,0.0,398,0.0,1.0,1.0,101,"X","X"
"01JAN2010","31DEC2010","PSA 101",374,2010,0.0,374,0.0,1.0,1.0,101,"X","X"
"01JAN2011","31DEC2011","PSA 101",327,2011,0.0,327,0.0,1.0,1.0,101,"X","X"
"01JAN2012","31DEC2012","PSA 101",300,2012,0.0,300,0.0,1.0,1.0,101,"X","X"
"01JAN2013","31DEC2013","PSA 101",289,2013,0.0,289,0.0,1.0,1.0,101,"X","X"
"01JAN2001","31DEC2001","PSA 102",164,2001,164,0.0,1.0,0.0,1.0,102,"X","X"
"01JAN2002","31DEC2002","PSA 102",118,2002,118,0.0,1.0,0.0,1.0,102,"X","X"
"01JAN2003","31DEC2003","PSA 102",136,2003,136,0.0,1.0,0.0,1.0,102,"X","X"
"01JAN2004","31DEC2004","PSA 102",146,2004,146,0.0,1.0,0.0,1.0,102,"X","X"
"01JAN2005","31DEC2005","PSA 102",150,2005,150,0.0,1.0,0.0,1.0,102,"X","X"
"01JAN2006","31DEC2006","PSA 102",179,2006,179,0.0,1.0,0.0,1.0,102,"X","X"
"01JAN2007","31DEC2007","PSA 102",0.0,2007,0.0,0.0,0.0,0.0,0.0,102,"X","X"
"01JAN2008","31DEC2008","PSA 102",0.0,2008,0.0,0.0,0.0,0.0,0.0,102,"X","X"
"01JAN2009","31DEC2009","PSA 102",0.0,2009,0.0,0.0,0.0,0.0,0.0,102,"X","X"
"01JAN2010","31DEC2010","PSA 102",0.0,2010,0.0,0.0,0.0,0.0,0.0,102,"X","X"
"01JAN2011","31DEC2011","PSA 102",0.0,2011,0.0,0.0,0.0,0.0,0.0,102,"X","X"
"01JAN2012","31DEC2012","PSA 102",443,2012,443,0.0,1.0,0.0,1.0,102,"X","X"
"01JAN2013","31DEC2013","PSA 102",510,2013,510,0.0,1.0,0.0,1.0,102,"X","X"
"01JAN2001","31DEC2001","PSA 103",842,2001,0.0,842,0.0,3.0,3.0,103,"X","X"
"01JAN2002","31DEC2002","PSA 103",783,2002,0.0,783,0.0,3.0,3.0,103,"X","X"
"01JAN2003","31DEC2003","PSA 103",792,2003,0.0,792,0.0,2.0,2.0,103,"X","X"
"01JAN2004","31DEC2004","PSA 103",692,2004,0.0,692,0.0,2.0,2.0,103,"X","X"
"01JAN2005","31DEC2005","PSA 103",563,2005,0.0,563,0.0,2.0,2.0,103,"X","X"
"01JAN2006","31DEC2006","PSA 103",403,2006,0.0,403,0.0,1.0,1.0,103,"X","X"
"01JAN2007","31DEC2007","PSA 103",276,2007,0.0,276,0.0,1.0,1.0,103,"X","X"
"01JAN2008","31DEC2008","PSA 103",183,2008,0.0,183,0.0,1.0,1.0,103,"X","X"
"01JAN2009","31DEC2009","PSA 103",224,2009,0.0,224,0.0,1.0,1.0,103,"X","X"
"01JAN2010","31DEC2010","PSA 103",379,2010,0.0,379,0.0,1.0,1.0,103,"X","X"
"01JAN2011","31DEC2011","PSA 103",418,2011,0.0,418,0.0,1.0,1.0,103,"X","X"
"01JAN2012","31DEC2012","PSA 103",426,2012,0.0,426,0.0,1.0,1.0,103,"X","X"
"01JAN2013","31DEC2013","PSA 103",454,2013,0.0,454,0.0,1.0,1.0,103,"X","X"
"01JAN2001","31DEC2001","PSA 104",1371,2001,243,1128,2.0,3.0,5.0,104,"X","X"
"01JAN2002","31DEC2002","PSA 104",1626,2002,272,1354,2.0,4.0,6.0,104,"X","X"
"01JAN2003","31DEC2003","PSA 104",1462,2003,372,1090,2.0,3.0,5.0,104,"X","X"
"01JAN2004","31DEC2004","PSA 104",1111,2004,0.0,1111,0.0,4.0,4.0,104,"X","X"
"01JAN2005","31DEC2005","PSA 104",1087,2005,0.0,1087,0.0,4.0,4.0,104,"X","X"
"01JAN2006","31DEC2006","PSA 104",1074,2006,0.0,1074,0.0,4.0,4.0,104,"X","X"
"01JAN2007","31DEC2007","PSA 104",1820,2007,325,1495,1.0,5.0,6.0,104,"X","X"
"01JAN2008","31DEC2008","PSA 104",1460,2008,0.0,1460,0.0,5.0,5.0,104,"X","X"
"01JAN2009","31DEC2009","PSA 104",1041,2009,0.0,1041,0.0,4.0,4.0,104,"X","X"
"01JAN2010","31DEC2010","PSA 104",1103,2010,0.0,1103,0.0,4.0,4.0,104,"X","X"
"01JAN2011","31DEC2011","PSA 104",1694,2011,340,1354,1.0,5.0,6.0,104,"X","X"
"01JAN2012","31DEC2012","PSA 104",1849,2012,374,1475,1.0,6.0,7.0,104,"X","X"
"01JAN2013","31DEC2013","PSA 104",2019,2013,377,1642,1.0,5.0,6.0,104,"X","X"
"01JAN2001","31DEC2001","PSA 105",1860,2001,219,1641,1.0,3.0,4.0,105,"X","X"
"01JAN2002","31DEC2002","PSA 105",1610,2002,0.0,1610,0.0,3.0,3.0,105,"X","X"
"01JAN2003","31DEC2003","PSA 105",1492,2003,0.0,1492,0.0,3.0,3.0,105,"X","X"
"01JAN2004","31DEC2004","PSA 105",1421,2004,0.0,1421,0.0,3.0,3.0,105,"X","X"
"01JAN2005","31DEC2005","PSA 105",1251,2005,36,1215,1.0,3.0,4.0,105,"X","X"
"01JAN2006","31DEC2006","PSA 105",1158,2006,36,1122,1.0,3.0,4.0,105,"X","X"
"01JAN2007","31DEC2007","PSA 105",924,2007,72,852,2.0,3.0,5.0,105,"X","X"
"01JAN2008","31DEC2008","PSA 105",837,2008,72,765,2.0,2.0,4.0,105,"X","X"
"01JAN2009","31DEC2009","PSA 105",701,2009,72,629,2.0,2.0,4.0,105,"X","X"
"01JAN2010","31DEC2010","PSA 105",625,2010,79,546,2.0,2.0,4.0,105,"X","X"
"01JAN2011","31DEC2011","PSA 105",598,2011,81,517,2.0,3.0,5.0,105,"X","X"
"01JAN2012","31DEC2012","PSA 105",656,2012,84,572,2.0,2.0,4.0,105,"X","X"
"01JAN2013","31DEC2013","PSA 105",720,2013,79,641,2.0,2.0,4.0,105,"X","X"
"01JAN2001","31DEC2001","PSA 106",2130,2001,1228,902,3.0,3.0,6.0,106,"X","X"
"01JAN2002","31DEC2002","PSA 106",2130,2002,1297,833,3.0,3.0,6.0,106,"X","X"
"01JAN2003","31DEC2003","PSA 106",2211,2003,1507,704,4.0,3.0,7.0,106,"X","X"
"01JAN2004","31DEC2004","PSA 106",2171,2004,1536,635,4.0,3.0,7.0,106,"X","X"
"01JAN2005","31DEC2005","PSA 106",2247,2005,1713,534,5.0,3.0,8.0,106,"X","X"
"01JAN2006","31DEC2006","PSA 106",2431,2006,1985,446,5.0,2.0,7.0,106,"X","X"
"01JAN2007","31DEC2007","PSA 106",2306,2007,1812,494,4.0,2.0,6.0,106,"X","X"
"01JAN2008","31DEC2008","PSA 106",1972,2008,1487,485,3.0,2.0,5.0,106,"X","X"
"01JAN2009","31DEC2009","PSA 106",2188,2009,1611,577,4.0,2.0,6.0,106,"X","X"
"01JAN2010","31DEC2010","PSA 106",2455,2010,1781,674,5.0,2.0,7.0,106,"X","X"
"01JAN2011","31DEC2011","PSA 106",2169,2011,1767,402,4.0,1.0,5.0,106,"X","X"
"01JAN2012","31DEC2012","PSA 106",1966,2012,1496,470,4.0,1.0,5.0,106,"X","X"
"01JAN2013","31DEC2013","PSA 106",2083,2013,1576,507,4.0,1.0,5.0,106,"X","X"
"01JAN2001","31DEC2001","PSA 107",1637,2001,0.0,1637,0.0,5.0,5.0,107,"X","X"
"01JAN2002","31DEC2002","PSA 107",1652,2002,0.0,1652,0.0,5.0,5.0,107,"X","X"
"01JAN2003","31DEC2003","PSA 107",1667,2003,0.0,1667,0.0,5.0,5.0,107,"X","X"
"01JAN2004","31DEC2004","PSA 107",1504,2004,0.0,1504,0.0,5.0,5.0,107,"X","X"
"01JAN2005","31DEC2005","PSA 107",1517,2005,0.0,1517,0.0,6.0,6.0,107,"X","X"
"01JAN2006","31DEC2006","PSA 107",1367,2006,0.0,1367,0.0,6.0,6.0,107,"X","X"
"01JAN2007","31DEC2007","PSA 107",1280,2007,0.0,1280,0.0,5.0,5.0,107,"X","X"
"01JAN2008","31DEC2008","PSA 107",1023,2008,0.0,1023,0.0,4.0,4.0,107,"X","X"
"01JAN2009","31DEC2009","PSA 107",1025,2009,0.0,1025,0.0,4.0,4.0,107,"X","X"
"01JAN2010","31DEC2010","PSA 107",1050,2010,0.0,1050,0.0,4.0,4.0,107,"X","X"
"01JAN2011","31DEC2011","PSA 107",1454,2011,60,1394,1.0,5.0,6.0,107,"X","X"
"01JAN2012","31DEC2012","PSA 107",1493,2012,61,1432,1.0,4.0,5.0,107,"X","X"
"01JAN2013","31DEC2013","PSA 107",1534,2013,63,1471,1.0,4.0,5.0,107,"X","X"
"01JAN2001","31DEC2001","PSA 108",2299,2001,445,1854,2.0,5.0,7.0,108,"X","X"
"01JAN2002","31DEC2002","PSA 108",1590,2002,88,1502,1.0,4.0,5.0,108,"X","X"
"01JAN2003","31DEC2003","PSA 108",2150,2003,657,1493,2.0,5.0,7.0,108,"X","X"
"01JAN2004","31DEC2004","PSA 108",2333,2004,648,1685,3.0,5.0,8.0,108,"X","X"
"01JAN2005","31DEC2005","PSA 108",2015,2005,677,1338,3.0,5.0,8.0,108,"X","X"
"01JAN2006","31DEC2006","PSA 108",2071,2006,851,1220,4.0,5.0,9.0,108,"X","X"
"01JAN2007","31DEC2007","PSA 108",1739,2007,522,1217,2.0,5.0,7.0,108,"X","X"
"01JAN2008","31DEC2008","PSA 108",1858,2008,762,1096,3.0,5.0,8.0,108,"X","X"
"01JAN2009","31DEC2009","PSA 108",1642,2009,746,896,3.0,4.0,7.0,108,"X","X"
"01JAN2010","31DEC2010","PSA 108",1779,2010,814,965,3.0,5.0,8.0,108,"X","X"
"01JAN2011","31DEC2011","PSA 108",1762,2011,815,947,3.0,4.0,7.0,108,"X","X"
"01JAN2012","31DEC2012","PSA 108",1974,2012,895,1079,3.0,4.0,7.0,108,"X","X"
"01JAN2013","31DEC2013","PSA 108",2222,2013,863,1359,3.0,4.0,7.0,108,"X","X"
"01JAN2001","31DEC2001","PSA 201",499,2001,0.0,499,0.0,1.0,1.0,201,"X","X"
"01JAN2002","31DEC2002","PSA 201",514,2002,0.0,514,0.0,1.0,1.0,201,"X","X"
"01JAN2003","31DEC2003","PSA 201",537,2003,0.0,537,0.0,1.0,1.0,201,"X","X"
"01JAN2004","31DEC2004","PSA 201",546,2004,0.0,546,0.0,1.0,1.0,201,"X","X"
"01JAN2005","31DEC2005","PSA 201",579,2005,0.0,579,0.0,1.0,1.0,201,"X","X"
"01JAN2006","31DEC2006","PSA 201",595,2006,0.0,595,0.0,1.0,1.0,201,"X","X"
"01JAN2007","31DEC2007","PSA 201",623,2007,0.0,623,0.0,1.0,1.0,201,"X","X"
"01JAN2008","31DEC2008","PSA 201",610,2008,0.0,610,0.0,1.0,1.0,201,"X","X"
"01JAN2009","31DEC2009","PSA 201",634,2009,0.0,634,0.0,1.0,1.0,201,"X","X"
"01JAN2010","31DEC2010","PSA 201",682,2010,0.0,682,0.0,1.0,1.0,201,"X","X"
"01JAN2011","31DEC2011","PSA 201",707,2011,0.0,707,0.0,1.0,1.0,201,"X","X"
"01JAN2012","31DEC2012","PSA 201",689,2012,0.0,689,0.0,1.0,1.0,201,"X","X"
"01JAN2013","31DEC2013","PSA 201",689,2013,0.0,689,0.0,1.0,1.0,201,"X","X"
"01JAN2001","31DEC2001","PSA 202",3008,2001,0.0,3008,0.0,4.0,4.0,202,"X","X"
"01JAN2002","31DEC2002","PSA 202",2889,2002,0.0,2889,0.0,4.0,4.0,202,"X","X"
"01JAN2003","31DEC2003","PSA 202",2875,2003,0.0,2875,0.0,4.0,4.0,202,"X","X"
"01JAN2004","31DEC2004","PSA 202",2740,2004,0.0,2740,0.0,3.0,3.0,202,"X","X"
"01JAN2005","31DEC2005","PSA 202",2738,2005,0.0,2738,0.0,3.0,3.0,202,"X","X"
"01JAN2006","31DEC2006","PSA 202",2656,2006,0.0,2656,1.0,3.0,4.0,202,"X","X"
"01JAN2007","31DEC2007","PSA 202",2558,2007,0.0,2558,1.0,3.0,4.0,202,"X","X"
"01JAN2008","31DEC2008","PSA 202",2466,2008,0.0,2466,0.0,3.0,3.0,202,"X","X"
"01JAN2009","31DEC2009","PSA 202",2799,2009,0.0,2799,0.0,3.0,3.0,202,"X","X"
"01JAN2010","31DEC2010","PSA 202",2946,2010,0.0,2946,0.0,3.0,3.0,202,"X","X"
"01JAN2011","31DEC2011","PSA 202",3195,2011,0.0,3195,0.0,3.0,3.0,202,"X","X"
"01JAN2012","31DEC2012","PSA 202",3477,2012,0.0,3477,0.0,3.0,3.0,202,"X","X"
"01JAN2013","31DEC2013","PSA 202",3571,2013,0.0,3571,0.0,3.0,3.0,202,"X","X"
"01JAN2001","31DEC2001","PSA 203",634,2001,0.0,634,0.0,2.0,2.0,203,"X","X"
"01JAN2002","31DEC2002","PSA 203",643,2002,0.0,643,0.0,2.0,2.0,203,"X","X"
"01JAN2003","31DEC2003","PSA 203",634,2003,0.0,634,0.0,2.0,2.0,203,"X","X"
"01JAN2004","31DEC2004","PSA 203",634,2004,0.0,634,0.0,2.0,2.0,203,"X","X"
"01JAN2005","31DEC2005","PSA 203",633,2005,0.0,633,0.0,2.0,2.0,203,"X","X"
"01JAN2006","31DEC2006","PSA 203",634,2006,0.0,634,0.0,2.0,2.0,203,"X","X"
"01JAN2007","31DEC2007","PSA 203",666,2007,0.0,666,0.0,2.0,2.0,203,"X","X"
"01JAN2008","31DEC2008","PSA 203",653,2008,0.0,653,0.0,2.0,2.0,203,"X","X"
"01JAN2009","31DEC2009","PSA 203",677,2009,0.0,677,0.0,2.0,2.0,203,"X","X"
"01JAN2010","31DEC2010","PSA 203",760,2010,0.0,760,0.0,2.0,2.0,203,"X","X"
"01JAN2011","31DEC2011","PSA 203",813,2011,0.0,813,0.0,2.0,2.0,203,"X","X"
"01JAN2012","31DEC2012","PSA 203",845,2012,0.0,845,0.0,2.0,2.0,203,"X","X"
"01JAN2013","31DEC2013","PSA 203",913,2013,0.0,913,0.0,2.0,2.0,203,"X","X"
"01JAN2001","31DEC2001","PSA 204",989,2001,0.0,989,0.0,3.0,3.0,204,"X","X"
"01JAN2002","31DEC2002","PSA 204",1036,2002,0.0,1036,0.0,3.0,3.0,204,"X","X"
"01JAN2003","31DEC2003","PSA 204",1023,2003,0.0,1023,0.0,3.0,3.0,204,"X","X"
"01JAN2004","31DEC2004","PSA 204",1234,2004,213,1021,1.0,3.0,4.0,204,"X","X"
"01JAN2005","31DEC2005","PSA 204",1122,2005,101,1021,1.0,3.0,4.0,204,"X","X"
"01JAN2006","31DEC2006","PSA 204",1246,2006,178,1068,1.0,3.0,4.0,204,"X","X"
"01JAN2007","31DEC2007","PSA 204",1296,2007,307,989,1.0,3.0,4.0,204,"X","X"
"01JAN2008","31DEC2008","PSA 204",1262,2008,205,1057,1.0,3.0,4.0,204,"X","X"
"01JAN2009","31DEC2009","PSA 204",1042,2009,0.0,1042,0.0,3.0,3.0,204,"X","X"
"01JAN2010","31DEC2010","PSA 204",1118,2010,0.0,1118,0.0,3.0,3.0,204,"X","X"
"01JAN2011","31DEC2011","PSA 204",1159,2011,0.0,1159,0.0,3.0,3.0,204,"X","X"
"01JAN2012","31DEC2012","PSA 204",1161,2012,0.0,1161,0.0,3.0,3.0,204,"X","X"
"01JAN2013","31DEC2013","PSA 204",1187,2013,0.0,1187,0.0,3.0,3.0,204,"X","X"
"01JAN2001","31DEC2001","PSA 205",425,2001,0.0,425,0.0,2.0,2.0,205,"X","X"
"01JAN2002","31DEC2002","PSA 205",449,2002,0.0,449,0.0,2.0,2.0,205,"X","X"
"01JAN2003","31DEC2003","PSA 205",462,2003,0.0,462,0.0,2.0,2.0,205,"X","X"
"01JAN2004","31DEC2004","PSA 205",468,2004,0.0,468,0.0,2.0,2.0,205,"X","X"
"01JAN2005","31DEC2005","PSA 205",508,2005,0.0,508,0.0,2.0,2.0,205,"X","X"
"01JAN2006","31DEC2006","PSA 205",533,2006,0.0,533,0.0,2.0,2.0,205,"X","X"
"01JAN2007","31DEC2007","PSA 205",562,2007,0.0,562,0.0,2.0,2.0,205,"X","X"
"01JAN2008","31DEC2008","PSA 205",596,2008,0.0,596,0.0,2.0,2.0,205,"X","X"
"01JAN2009","31DEC2009","PSA 205",612,2009,0.0,612,0.0,2.0,2.0,205,"X","X"
"01JAN2010","31DEC2010","PSA 205",639,2010,0.0,639,0.0,2.0,2.0,205,"X","X"
"01JAN2011","31DEC2011","PSA 205",676,2011,0.0,676,0.0,2.0,2.0,205,"X","X"
"01JAN2012","31DEC2012","PSA 205",661,2012,0.0,661,0.0,2.0,2.0,205,"X","X"
"01JAN2013","31DEC2013","PSA 205",668,2013,0.0,668,0.0,2.0,2.0,205,"X","X"
"01JAN2001","31DEC2001","PSA 206",1003,2001,0.0,1003,0.0,3.0,3.0,206,"X","X"
"01JAN2002","31DEC2002","PSA 206",1069,2002,0.0,1069,0.0,3.0,3.0,206,"X","X"
"01JAN2003","31DEC2003","PSA 206",1049,2003,0.0,1049,0.0,3.0,3.0,206,"X","X"
"01JAN2004","31DEC2004","PSA 206",1001,2004,0.0,1001,0.0,3.0,3.0,206,"X","X"
"01JAN2005","31DEC2005","PSA 206",566,2005,0.0,566,0.0,2.0,2.0,206,"X","X"
"01JAN2006","31DEC2006","PSA 206",698,2006,53,645,1.0,2.0,3.0,206,"X","X"
"01JAN2007","31DEC2007","PSA 206",725,2007,86,639,1.0,2.0,3.0,206,"X","X"
"01JAN2008","31DEC2008","PSA 206",971,2008,0.0,971,0.0,3.0,3.0,206,"X","X"
"01JAN2009","31DEC2009","PSA 206",1145,2009,0.0,1145,0.0,3.0,3.0,206,"X","X"
"01JAN2010","31DEC2010","PSA 206",1300,2010,0.0,1300,0.0,3.0,3.0,206,"X","X"
"01JAN2011","31DEC2011","PSA 206",1237,2011,0.0,1237,0.0,3.0,3.0,206,"X","X"
"01JAN2012","31DEC2012","PSA 206",1267,2012,0.0,1267,0.0,3.0,3.0,206,"X","X"
"01JAN2013","31DEC2013","PSA 206",1246,2013,0.0,1246,0.0,3.0,3.0,206,"X","X"
"01JAN2001","31DEC2001","PSA 207",1173,2001,101,1072,1.0,3.0,4.0,207,"X","X"
"01JAN2002","31DEC2002","PSA 207",1175,2002,117,1058,1.0,3.0,4.0,207,"X","X"
"01JAN2003","31DEC2003","PSA 207",1118,2003,120,998,1.0,3.0,4.0,207,"X","X"
"01JAN2004","31DEC2004","PSA 207",1099,2004,118,981,1.0,3.0,4.0,207,"X","X"
"01JAN2005","31DEC2005","PSA 207",1175,2005,226,949,2.0,3.0,5.0,207,"X","X"
"01JAN2006","31DEC2006","PSA 207",1152,2006,250,902,2.0,3.0,5.0,207,"X","X"
"01JAN2007","31DEC2007","PSA 207",521,2007,125,396,1.0,2.0,3.0,207,"X","X"
"01JAN2008","31DEC2008","PSA 207",403,2008,146,257,1.0,1.0,2.0,207,"X","X"
"01JAN2009","31DEC2009","PSA 207",849,2009,166,683,1.0,2.0,3.0,207,"X","X"
"01JAN2010","31DEC2010","PSA 207",848,2010,145,703,1.0,2.0,3.0,207,"X","X"
"01JAN2011","31DEC2011","PSA 207",760,2011,0.0,760,0.0,2.0,2.0,207,"X","X"
"01JAN2012","31DEC2012","PSA 207",772,2012,0.0,772,0.0,2.0,2.0,207,"X","X"
"01JAN2013","31DEC2013","PSA 207",869,2013,0.0,869,0.0,2.0,2.0,207,"X","X"
"01JAN2001","31DEC2001","PSA 208",0.0,2001,0.0,0.0,0.0,0.0,0.0,208,"X","X"
"01JAN2002","31DEC2002","PSA 208",0.0,2002,0.0,0.0,0.0,0.0,0.0,208,"X","X"
"01JAN2003","31DEC2003","PSA 208",0.0,2003,0.0,0.0,0.0,0.0,0.0,208,"X","X"
"01JAN2004","31DEC2004","PSA 208",152,2004,152,0.0,1.0,0.0,1.0,208,"X","X"
"01JAN2005","31DEC2005","PSA 208",205,2005,205,0.0,1.0,0.0,1.0,208,"X","X"
"01JAN2006","31DEC2006","PSA 208",171,2006,171,0.0,1.0,0.0,1.0,208,"X","X"
"01JAN2007","31DEC2007","PSA 208",131,2007,131,0.0,1.0,0.0,1.0,208,"X","X"
"01JAN2008","31DEC2008","PSA 208",255,2008,255,0.0,2.0,0.0,2.0,208,"X","X"
"01JAN2009","31DEC2009","PSA 208",285,2009,285,0.0,2.0,0.0,2.0,208,"X","X"
"01JAN2010","31DEC2010","PSA 208",258,2010,258,0.0,1.0,0.0,1.0,208,"X","X"
"01JAN2011","31DEC2011","PSA 208",425,2011,425,0.0,2.0,0.0,2.0,208,"X","X"
"01JAN2012","31DEC2012","PSA 208",308,2012,308,0.0,1.0,0.0,1.0,208,"X","X"
"01JAN2013","31DEC2013","PSA 208",147,2013,147,0.0,1.0,0.0,1.0,208,"X","X"
"01JAN2001","31DEC2001","PSA 301",182,2001,0.0,182,0.0,1.0,1.0,301,"X","X"
"01JAN2002","31DEC2002","PSA 301",167,2002,0.0,167,0.0,1.0,1.0,301,"X","X"
"01JAN2003","31DEC2003","PSA 301",163,2003,0.0,163,0.0,1.0,1.0,301,"X","X"
"01JAN2004","31DEC2004","PSA 301",150,2004,0.0,150,0.0,1.0,1.0,301,"X","X"
"01JAN2005","31DEC2005","PSA 301",193,2005,59,134,1.0,1.0,2.0,301,"X","X"
"01JAN2006","31DEC2006","PSA 301",262,2006,86,176,1.0,1.0,2.0,301,"X","X"
"01JAN2007","31DEC2007","PSA 301",263,2007,100,163,1.0,1.0,2.0,301,"X","X"
"01JAN2008","31DEC2008","PSA 301",142,2008,0.0,142,0.0,1.0,1.0,301,"X","X"
"01JAN2009","31DEC2009","PSA 301",145,2009,0.0,145,0.0,1.0,1.0,301,"X","X"
"01JAN2010","31DEC2010","PSA 301",153,2010,0.0,153,0.0,1.0,1.0,301,"X","X"
"01JAN2011","31DEC2011","PSA 301",157,2011,0.0,157,0.0,1.0,1.0,301,"X","X"
"01JAN2012","31DEC2012","PSA 301",154,2012,0.0,154,0.0,1.0,1.0,301,"X","X"
"01JAN2013","31DEC2013","PSA 301",161,2013,0.0,161,0.0,1.0,1.0,301,"X","X"
"01JAN2001","31DEC2001","PSA 302",2462,2001,215,2247,2.0,4.0,6.0,302,"X","X"
"01JAN2002","31DEC2002","PSA 302",1921,2002,245,1676,2.0,3.0,5.0,302,"X","X"
"01JAN2003","31DEC2003","PSA 302",1928,2003,297,1631,2.0,3.0,5.0,302,"X","X"
"01JAN2004","31DEC2004","PSA 302",2090,2004,565,1525,4.0,3.0,7.0,302,"X","X"
"01JAN2005","31DEC2005","PSA 302",2583,2005,748,1835,6.0,4.0,10,302,"X","X"
"01JAN2006","31DEC2006","PSA 302",2879,2006,877,2002,6.0,3.0,9.0,302,"X","X"
"01JAN2007","31DEC2007","PSA 302",2980,2007,1019,1961,6.0,3.0,9.0,302,"X","X"
"01JAN2008","31DEC2008","PSA 302",2943,2008,1203,1740,6.0,2.0,8.0,302,"X","X"
"01JAN2009","31DEC2009","PSA 302",3235,2009,1497,1738,6.0,2.0,8.0,302,"X","X"
"01JAN2010","31DEC2010","PSA 302",3236,2010,1492,1744,6.0,2.0,8.0,302,"X","X"
"01JAN2011","31DEC2011","PSA 302",2871,2011,1179,1692,6.0,2.0,8.0,302,"X","X"
"01JAN2012","31DEC2012","PSA 302",2921,2012,1153,1768,6.0,2.0,8.0,302,"X","X"
"01JAN2013","31DEC2013","PSA 302",3034,2013,1259,1775,6.0,2.0,8.0,302,"X","X"
"01JAN2001","31DEC2001","PSA 303",1913,2001,729,1184,1.0,3.0,4.0,303,"X","X"
"01JAN2002","31DEC2002","PSA 303",1972,2002,787,1185,1.0,3.0,4.0,303,"X","X"
"01JAN2003","31DEC2003","PSA 303",2140,2003,1068,1072,2.0,3.0,5.0,303,"X","X"
"01JAN2004","31DEC2004","PSA 303",649,2004,0.0,649,0.0,2.0,2.0,303,"X","X"
"01JAN2005","31DEC2005","PSA 303",548,2005,0.0,548,0.0,2.0,2.0,303,"X","X"
"01JAN2006","31DEC2006","PSA 303",666,2006,123,543,2.0,2.0,4.0,303,"X","X"
"01JAN2007","31DEC2007","PSA 303",757,2007,158,599,2.0,2.0,4.0,303,"X","X"
"01JAN2008","31DEC2008","PSA 303",813,2008,187,626,2.0,2.0,4.0,303,"X","X"
"01JAN2009","31DEC2009","PSA 303",1156,2009,226,930,1.0,3.0,4.0,303,"X","X"
"01JAN2010","31DEC2010","PSA 303",1034,2010,0.0,1034,1.0,3.0,4.0,303,"X","X"
"01JAN2011","31DEC2011","PSA 303",1469,2011,395,1074,1.0,3.0,4.0,303,"X","X"
"01JAN2012","31DEC2012","PSA 303",1520,2012,436,1084,1.0,3.0,4.0,303,"X","X"
"01JAN2013","31DEC2013","PSA 303",1576,2013,478,1098,1.0,3.0,4.0,303,"X","X"
"01JAN2001","31DEC2001","PSA 304",1530,2001,0.0,1530,0.0,3.0,3.0,304,"X","X"
"01JAN2002","31DEC2002","PSA 304",1517,2002,0.0,1517,0.0,3.0,3.0,304,"X","X"
"01JAN2003","31DEC2003","PSA 304",1554,2003,0.0,1554,0.0,3.0,3.0,304,"X","X"
"01JAN2004","31DEC2004","PSA 304",2689,2004,1164,1525,6.0,3.0,9.0,304,"X","X"
"01JAN2005","31DEC2005","PSA 304",2492,2005,1027,1465,5.0,3.0,8.0,304,"X","X"
"01JAN2006","31DEC2006","PSA 304",2762,2006,1296,1466,4.0,3.0,7.0,304,"X","X"
"01JAN2007","31DEC2007","PSA 304",2879,2007,1444,1435,5.0,3.0,8.0,304,"X","X"
"01JAN2008","31DEC2008","PSA 304",2768,2008,1589,1179,5.0,2.0,7.0,304,"X","X"
"01JAN2009","31DEC2009","PSA 304",2791,2009,1767,1024,3.0,2.0,5.0,304,"X","X"
"01JAN2010","31DEC2010","PSA 304",2904,2010,1870,1034,3.0,2.0,5.0,304,"X","X"
"01JAN2011","31DEC2011","PSA 304",2909,2011,2019,890,3.0,2.0,5.0,304,"X","X"
"01JAN2012","31DEC2012","PSA 304",3033,2012,2102,931,2.0,2.0,4.0,304,"X","X"
"01JAN2013","31DEC2013","PSA 304",3255,2013,2144,1111,2.0,2.0,4.0,304,"X","X"
"01JAN2001","31DEC2001","PSA 305",1248,2001,930,318,5.0,1.0,6.0,305,"X","X"
"01JAN2002","31DEC2002","PSA 305",1435,2002,1110,325,5.0,1.0,6.0,305,"X","X"
"01JAN2003","31DEC2003","PSA 305",1563,2003,1218,345,5.0,1.0,6.0,305,"X","X"
"01JAN2004","31DEC2004","PSA 305",1851,2004,1293,558,5.0,2.0,7.0,305,"X","X"
"01JAN2005","31DEC2005","PSA 305",1720,2005,1128,592,5.0,2.0,7.0,305,"X","X"
"01JAN2006","31DEC2006","PSA 305",1551,2006,1038,513,5.0,2.0,7.0,305,"X","X"
"01JAN2007","31DEC2007","PSA 305",1456,2007,1009,447,5.0,2.0,7.0,305,"X","X"
"01JAN2008","31DEC2008","PSA 305",1519,2008,1013,506,5.0,2.0,7.0,305,"X","X"
"01JAN2009","31DEC2009","PSA 305",1639,2009,1077,562,4.0,2.0,6.0,305,"X","X"
"01JAN2010","31DEC2010","PSA 305",1187,2010,892,295,3.0,2.0,5.0,305,"X","X"
"01JAN2011","31DEC2011","PSA 305",1394,2011,939,455,3.0,2.0,5.0,305,"X","X"
"01JAN2012","31DEC2012","PSA 305",1618,2012,1191,427,5.0,2.0,7.0,305,"X","X"
"01JAN2013","31DEC2013","PSA 305",1950,2013,1647,303,6.0,1.0,7.0,305,"X","X"
"01JAN2001","31DEC2001","PSA 306",643,2001,0.0,643,0.0,2.0,2.0,306,"X","X"
"01JAN2002","31DEC2002","PSA 306",602,2002,0.0,602,0.0,2.0,2.0,306,"X","X"
"01JAN2003","31DEC2003","PSA 306",565,2003,0.0,565,0.0,2.0,2.0,306,"X","X"
"01JAN2004","31DEC2004","PSA 306",651,2004,0.0,651,0.0,2.0,2.0,306,"X","X"
"01JAN2005","31DEC2005","PSA 306",667,2005,118,549,1.0,2.0,3.0,306,"X","X"
"01JAN2006","31DEC2006","PSA 306",767,2006,237,530,2.0,2.0,4.0,306,"X","X"
"01JAN2007","31DEC2007","PSA 306",776,2007,298,478,2.0,2.0,4.0,306,"X","X"
"01JAN2008","31DEC2008","PSA 306",574,2008,286,288,1.0,1.0,2.0,306,"X","X"
"01JAN2009","31DEC2009","PSA 306",285,2009,285,0.0,1.0,0.0,1.0,306,"X","X"
"01JAN2010","31DEC2010","PSA 306",296,2010,296,0.0,1.0,0.0,1.0,306,"X","X"
"01JAN2011","31DEC2011","PSA 306",560,2011,307,253,1.0,1.0,2.0,306,"X","X"
"01JAN2012","31DEC2012","PSA 306",598,2012,316,282,1.0,1.0,2.0,306,"X","X"
"01JAN2013","31DEC2013","PSA 306",598,2013,318,280,1.0,1.0,2.0,306,"X","X"
"01JAN2001","31DEC2001","PSA 307",1351,2001,0.0,1351,0.0,3.0,3.0,307,"X","X"
"01JAN2002","31DEC2002","PSA 307",1360,2002,0.0,1360,0.0,3.0,3.0,307,"X","X"
"01JAN2003","31DEC2003","PSA 307",1294,2003,0.0,1294,0.0,3.0,3.0,307,"X","X"
"01JAN2004","31DEC2004","PSA 307",1229,2004,0.0,1229,0.0,3.0,3.0,307,"X","X"
"01JAN2005","31DEC2005","PSA 307",1108,2005,0.0,1108,0.0,3.0,3.0,307,"X","X"
"01JAN2006","31DEC2006","PSA 307",969,2006,0.0,969,0.0,3.0,3.0,307,"X","X"
"01JAN2007","31DEC2007","PSA 307",704,2007,0.0,704,0.0,3.0,3.0,307,"X","X"
"01JAN2008","31DEC2008","PSA 307",505,2008,0.0,505,0.0,2.0,2.0,307,"X","X"
"01JAN2009","31DEC2009","PSA 307",463,2009,0.0,463,0.0,2.0,2.0,307,"X","X"
"01JAN2010","31DEC2010","PSA 307",492,2010,0.0,492,0.0,2.0,2.0,307,"X","X"
"01JAN2011","31DEC2011","PSA 307",502,2011,0.0,502,0.0,2.0,2.0,307,"X","X"
"01JAN2012","31DEC2012","PSA 307",484,2012,0.0,484,0.0,2.0,2.0,307,"X","X"
"01JAN2013","31DEC2013","PSA 307",533,2013,0.0,533,0.0,2.0,2.0,307,"X","X"
"01JAN2001","31DEC2001","PSA 308",371,2001,0.0,371,0.0,1.0,1.0,308,"X","X"
"01JAN2002","31DEC2002","PSA 308",310,2002,0.0,310,0.0,1.0,1.0,308,"X","X"
"01JAN2003","31DEC2003","PSA 308",265,2003,0.0,265,0.0,1.0,1.0,308,"X","X"
"01JAN2004","31DEC2004","PSA 308",254,2004,0.0,254,0.0,1.0,1.0,308,"X","X"
"01JAN2005","31DEC2005","PSA 308",201,2005,0.0,201,0.0,1.0,1.0,308,"X","X"
"01JAN2006","31DEC2006","PSA 308",278,2006,88,190,1.0,1.0,2.0,308,"X","X"
"01JAN2007","31DEC2007","PSA 308",347,2007,164,183,1.0,1.0,2.0,308,"X","X"
"01JAN2008","31DEC2008","PSA 308",1057,2008,868,189,3.0,1.0,4.0,308,"X","X"
"01JAN2009","31DEC2009","PSA 308",1139,2009,940,199,3.0,1.0,4.0,308,"X","X"
"01JAN2010","31DEC2010","PSA 308",993,2010,993,0.0,4.0,0.0,4.0,308,"X","X"
"01JAN2011","31DEC2011","PSA 308",768,2011,768,0.0,3.0,0.0,3.0,308,"X","X"
"01JAN2012","31DEC2012","PSA 308",970,2012,970,0.0,4.0,0.0,4.0,308,"X","X"
"01JAN2013","31DEC2013","PSA 308",1146,2013,1146,0.0,4.0,0.0,4.0,308,"X","X"
"01JAN2001","31DEC2001","PSA 401",803,2001,0.0,803,0.0,2.0,2.0,401,"X","X"
"01JAN2002","31DEC2002","PSA 401",795,2002,0.0,795,0.0,2.0,2.0,401,"X","X"
"01JAN2003","31DEC2003","PSA 401",775,2003,0.0,775,0.0,2.0,2.0,401,"X","X"
"01JAN2004","31DEC2004","PSA 401",725,2004,0.0,725,0.0,2.0,2.0,401,"X","X"
"01JAN2005","31DEC2005","PSA 401",739,2005,0.0,739,0.0,2.0,2.0,401,"X","X"
"01JAN2006","31DEC2006","PSA 401",725,2006,0.0,725,0.0,2.0,2.0,401,"X","X"
"01JAN2007","31DEC2007","PSA 401",606,2007,0.0,606,0.0,2.0,2.0,401,"X","X"
"01JAN2008","31DEC2008","PSA 401",663,2008,0.0,663,0.0,2.0,2.0,401,"X","X"
"01JAN2009","31DEC2009","PSA 401",634,2009,0.0,634,0.0,2.0,2.0,401,"X","X"
"01JAN2010","31DEC2010","PSA 401",674,2010,0.0,674,0.0,2.0,2.0,401,"X","X"
"01JAN2011","31DEC2011","PSA 401",637,2011,0.0,637,0.0,2.0,2.0,401,"X","X"
"01JAN2012","31DEC2012","PSA 401",680,2012,0.0,680,0.0,2.0,2.0,401,"X","X"
"01JAN2013","31DEC2013","PSA 401",746,2013,0.0,746,0.0,2.0,2.0,401,"X","X"
"01JAN2001","31DEC2001","PSA 402",1973,2001,632,1341,2.0,2.0,4.0,402,"X","X"
"01JAN2002","31DEC2002","PSA 402",1879,2002,586,1293,1.0,2.0,3.0,402,"X","X"
"01JAN2003","31DEC2003","PSA 402",1726,2003,561,1165,1.0,2.0,3.0,402,"X","X"
"01JAN2004","31DEC2004","PSA 402",1638,2004,573,1065,1.0,2.0,3.0,402,"X","X"
"01JAN2005","31DEC2005","PSA 402",1595,2005,578,1017,1.0,2.0,3.0,402,"X","X"
"01JAN2006","31DEC2006","PSA 402",1707,2006,720,987,2.0,2.0,4.0,402,"X","X"
"01JAN2007","31DEC2007","PSA 402",1768,2007,721,1047,2.0,2.0,4.0,402,"X","X"
"01JAN2008","31DEC2008","PSA 402",1815,2008,788,1027,2.0,2.0,4.0,402,"X","X"
"01JAN2009","31DEC2009","PSA 402",2046,2009,1036,1010,3.0,2.0,5.0,402,"X","X"
"01JAN2010","31DEC2010","PSA 402",2050,2010,967,1083,3.0,2.0,5.0,402,"X","X"
"01JAN2011","31DEC2011","PSA 402",1900,2011,1007,893,3.0,2.0,5.0,402,"X","X"
"01JAN2012","31DEC2012","PSA 402",1731,2012,902,829,3.0,2.0,5.0,402,"X","X"
"01JAN2013","31DEC2013","PSA 402",2035,2013,1240,795,4.0,2.0,6.0,402,"X","X"
"01JAN2001","31DEC2001","PSA 403",2041,2001,0.0,2041,0.0,4.0,4.0,403,"X","X"
"01JAN2002","31DEC2002","PSA 403",2015,2002,0.0,2015,0.0,4.0,4.0,403,"X","X"
"01JAN2003","31DEC2003","PSA 403",1842,2003,0.0,1842,0.0,4.0,4.0,403,"X","X"
"01JAN2004","31DEC2004","PSA 403",1715,2004,66,1649,1.0,4.0,5.0,403,"X","X"
"01JAN2005","31DEC2005","PSA 403",1729,2005,241,1488,2.0,4.0,6.0,403,"X","X"
"01JAN2006","31DEC2006","PSA 403",1539,2006,206,1333,2.0,4.0,6.0,403,"X","X"
"01JAN2007","31DEC2007","PSA 403",1449,2007,206,1243,2.0,4.0,6.0,403,"X","X"
"01JAN2008","31DEC2008","PSA 403",1416,2008,178,1238,2.0,3.0,5.0,403,"X","X"
"01JAN2009","31DEC2009","PSA 403",1624,2009,146,1478,1.0,3.0,4.0,403,"X","X"
"01JAN2010","31DEC2010","PSA 403",1683,2010,148,1535,1.0,3.0,4.0,403,"X","X"
"01JAN2011","31DEC2011","PSA 403",1658,2011,137,1521,1.0,3.0,4.0,403,"X","X"
"01JAN2012","31DEC2012","PSA 403",1614,2012,0.0,1614,0.0,3.0,3.0,403,"X","X"
"01JAN2013","31DEC2013","PSA 403",2350,2013,640,1710,2.0,3.0,5.0,403,"X","X"
"01JAN2001","31DEC2001","PSA 404",3325,2001,533,2792,1.0,7.0,8.0,404,"X","X"
"01JAN2002","31DEC2002","PSA 404",3431,2002,499,2932,2.0,8.0,10,404,"X","X"
"01JAN2003","31DEC2003","PSA 404",3547,2003,725,2822,2.0,8.0,10,404,"X","X"
"01JAN2004","31DEC2004","PSA 404",3044,2004,340,2704,1.0,8.0,9.0,404,"X","X"
"01JAN2005","31DEC2005","PSA 404",2526,2005,357,2169,2.0,8.0,10,404,"X","X"
"01JAN2006","31DEC2006","PSA 404",2535,2006,400,2135,2.0,7.0,9.0,404,"X","X"
"01JAN2007","31DEC2007","PSA 404",2789,2007,689,2100,4.0,7.0,11,404,"X","X"
"01JAN2008","31DEC2008","PSA 404",2911,2008,826,2085,4.0,7.0,11,404,"X","X"
"01JAN2009","31DEC2009","PSA 404",3065,2009,1138,1927,5.0,7.0,12,404,"X","X"
"01JAN2010","31DEC2010","PSA 404",3440,2010,1200,2240,5.0,7.0,12,404,"X","X"
"01JAN2011","31DEC2011","PSA 404",3596,2011,1317,2279,5.0,7.0,12,404,"X","X"
"01JAN2012","31DEC2012","PSA 404",3895,2012,1451,2444,6.0,7.0,13,404,"X","X"
"01JAN2013","31DEC2013","PSA 404",3369,2013,807,2562,3.0,6.0,9.0,404,"X","X"
"01JAN2001","31DEC2001","PSA 405",725,2001,37,688,1.0,2.0,3.0,405,"X","X"
"01JAN2002","31DEC2002","PSA 405",1153,2002,426,727,2.0,2.0,4.0,405,"X","X"
"01JAN2003","31DEC2003","PSA 405",695,2003,39,656,1.0,2.0,3.0,405,"X","X"
"01JAN2004","31DEC2004","PSA 405",1192,2004,715,477,3.0,2.0,5.0,405,"X","X"
"01JAN2005","31DEC2005","PSA 405",954,2005,589,365,3.0,2.0,5.0,405,"X","X"
"01JAN2006","31DEC2006","PSA 405",712,2006,406,306,2.0,2.0,4.0,405,"X","X"
"01JAN2007","31DEC2007","PSA 405",741,2007,503,238,2.0,2.0,4.0,405,"X","X"
"01JAN2008","31DEC2008","PSA 405",957,2008,857,100,4.0,1.0,5.0,405,"X","X"
"01JAN2009","31DEC2009","PSA 405",957,2009,864,93,4.0,1.0,5.0,405,"X","X"
"01JAN2010","31DEC2010","PSA 405",1062,2010,979,83,4.0,1.0,5.0,405,"X","X"
"01JAN2011","31DEC2011","PSA 405",1451,2011,1342,109,5.0,1.0,6.0,405,"X","X"
"01JAN2012","31DEC2012","PSA 405",1212,2012,1116,96,3.0,1.0,4.0,405,"X","X"
"01JAN2013","31DEC2013","PSA 405",1284,2013,1222,62,3.0,1.0,4.0,405,"X","X"
"01JAN2001","31DEC2001","PSA 406",744,2001,393,351,4.0,2.0,6.0,406,"X","X"
"01JAN2002","31DEC2002","PSA 406",709,2002,386,323,4.0,2.0,6.0,406,"X","X"
"01JAN2003","31DEC2003","PSA 406",910,2003,585,325,4.0,2.0,6.0,406,"X","X"
"01JAN2004","31DEC2004","PSA 406",1052,2004,717,335,4.0,2.0,6.0,406,"X","X"
"01JAN2005","31DEC2005","PSA 406",1106,2005,851,255,5.0,1.0,6.0,406,"X","X"
"01JAN2006","31DEC2006","PSA 406",1237,2006,969,268,5.0,1.0,6.0,406,"X","X"
"01JAN2007","31DEC2007","PSA 406",1480,2007,1212,268,8.0,1.0,9.0,406,"X","X"
"01JAN2008","31DEC2008","PSA 406",1819,2008,1475,344,9.0,1.0,10,406,"X","X"
"01JAN2009","31DEC2009","PSA 406",1703,2009,1266,437,6.0,2.0,8.0,406,"X","X"
"01JAN2010","31DEC2010","PSA 406",1069,2010,769,300,4.0,1.0,5.0,406,"X","X"
"01JAN2011","31DEC2011","PSA 406",1089,2011,799,290,3.0,1.0,4.0,406,"X","X"
"01JAN2012","31DEC2012","PSA 406",2024,2012,1736,288,6.0,1.0,7.0,406,"X","X"
"01JAN2013","31DEC2013","PSA 406",2177,2013,1835,342,7.0,1.0,8.0,406,"X","X"
"01JAN2001","31DEC2001","PSA 407",695,2001,0.0,695,0.0,2.0,2.0,407,"X","X"
"01JAN2002","31DEC2002","PSA 407",625,2002,0.0,625,0.0,2.0,2.0,407,"X","X"
"01JAN2003","31DEC2003","PSA 407",709,2003,100,609,1.0,2.0,3.0,407,"X","X"
"01JAN2004","31DEC2004","PSA 407",570,2004,0.0,570,0.0,2.0,2.0,407,"X","X"
"01JAN2005","31DEC2005","PSA 407",605,2005,0.0,605,0.0,2.0,2.0,407,"X","X"
"01JAN2006","31DEC2006","PSA 407",529,2006,0.0,529,0.0,2.0,2.0,407,"X","X"
"01JAN2007","31DEC2007","PSA 407",519,2007,0.0,519,0.0,2.0,2.0,407,"X","X"
"01JAN2008","31DEC2008","PSA 407",681,2008,303,378,2.0,1.0,3.0,407,"X","X"
"01JAN2009","31DEC2009","PSA 407",590,2009,224,366,1.0,1.0,2.0,407,"X","X"
"01JAN2010","31DEC2010","PSA 407",942,2010,507,435,2.0,1.0,3.0,407,"X","X"
"01JAN2011","31DEC2011","PSA 407",1117,2011,635,482,3.0,1.0,4.0,407,"X","X"
"01JAN2012","31DEC2012","PSA 407",1358,2012,789,569,3.0,1.0,4.0,407,"X","X"
"01JAN2013","31DEC2013","PSA 407",1537,2013,954,583,3.0,1.0,4.0,407,"X","X"
"01JAN2001","31DEC2001","PSA 408",524,2001,0.0,524,0.0,1.0,1.0,408,"X","X"
"01JAN2002","31DEC2002","PSA 408",696,2002,208,488,1.0,2.0,3.0,408,"X","X"
"01JAN2003","31DEC2003","PSA 408",780,2003,247,533,1.0,2.0,3.0,408,"X","X"
"01JAN2004","31DEC2004","PSA 408",744,2004,249,495,1.0,2.0,3.0,408,"X","X"
"01JAN2005","31DEC2005","PSA 408",699,2005,251,448,1.0,2.0,3.0,408,"X","X"
"01JAN2006","31DEC2006","PSA 408",680,2006,250,430,3.0,2.0,5.0,408,"X","X"
"01JAN2007","31DEC2007","PSA 408",701,2007,251,450,3.0,1.0,4.0,408,"X","X"
"01JAN2008","31DEC2008","PSA 408",607,2008,148,459,2.0,1.0,3.0,408,"X","X"
"01JAN2009","31DEC2009","PSA 408",624,2009,181,443,2.0,1.0,3.0,408,"X","X"
"01JAN2010","31DEC2010","PSA 408",991,2010,533,458,2.0,1.0,3.0,408,"X","X"
"01JAN2011","31DEC2011","PSA 408",854,2011,391,463,2.0,1.0,3.0,408,"X","X"
"01JAN2012","31DEC2012","PSA 408",815,2012,342,473,3.0,1.0,4.0,408,"X","X"
"01JAN2013","31DEC2013","PSA 408",901,2013,411,490,3.0,1.0,4.0,408,"X","X"
"01JAN2001","31DEC2001","PSA 409",561,2001,157,404,1.0,1.0,2.0,409,"X","X"
"01JAN2002","31DEC2002","PSA 409",366,2002,0.0,366,0.0,1.0,1.0,409,"X","X"
"01JAN2003","31DEC2003","PSA 409",345,2003,0.0,345,0.0,1.0,1.0,409,"X","X"
"01JAN2004","31DEC2004","PSA 409",310,2004,0.0,310,0.0,1.0,1.0,409,"X","X"
"01JAN2005","31DEC2005","PSA 409",277,2005,0.0,277,0.0,1.0,1.0,409,"X","X"
"01JAN2006","31DEC2006","PSA 409",203,2006,0.0,203,0.0,1.0,1.0,409,"X","X"
"01JAN2007","31DEC2007","PSA 409",160,2007,0.0,160,0.0,1.0,1.0,409,"X","X"
"01JAN2008","31DEC2008","PSA 409",359,2008,0.0,359,0.0,1.0,1.0,409,"X","X"
"01JAN2009","31DEC2009","PSA 409",412,2009,0.0,412,0.0,1.0,1.0,409,"X","X"
"01JAN2010","31DEC2010","PSA 409",0.0,2010,0.0,0.0,0.0,1.0,1.0,409,"X","X"
"01JAN2011","31DEC2011","PSA 409",853,2011,394,459,1.0,1.0,2.0,409,"X","X"
"01JAN2012","31DEC2012","PSA 409",837,2012,395,442,1.0,1.0,2.0,409,"X","X"
"01JAN2013","31DEC2013","PSA 409",818,2013,353,465,1.0,1.0,2.0,409,"X","X"
"01JAN2001","31DEC2001","PSA 501",1703,2001,45,1658,1.0,5.0,6.0,501,"X","X"
"01JAN2002","31DEC2002","PSA 501",1755,2002,63,1692,1.0,5.0,6.0,501,"X","X"
"01JAN2003","31DEC2003","PSA 501",1638,2003,0.0,1638,0.0,5.0,5.0,501,"X","X"
"01JAN2004","31DEC2004","PSA 501",1578,2004,0.0,1578,0.0,5.0,5.0,501,"X","X"
"01JAN2005","31DEC2005","PSA 501",1449,2005,0.0,1449,0.0,5.0,5.0,501,"X","X"
"01JAN2006","31DEC2006","PSA 501",1419,2006,0.0,1419,0.0,5.0,5.0,501,"X","X"
"01JAN2007","31DEC2007","PSA 501",1465,2007,0.0,1465,0.0,5.0,5.0,501,"X","X"
"01JAN2008","31DEC2008","PSA 501",1122,2008,201,921,1.0,2.0,3.0,501,"X","X"
"01JAN2009","31DEC2009","PSA 501",1255,2009,418,837,1.0,2.0,3.0,501,"X","X"
"01JAN2010","31DEC2010","PSA 501",1265,2010,499,766,1.0,2.0,3.0,501,"X","X"
"01JAN2011","31DEC2011","PSA 501",1081,2011,488,593,1.0,2.0,3.0,501,"X","X"
"01JAN2012","31DEC2012","PSA 501",983,2012,479,504,1.0,2.0,3.0,501,"X","X"
"01JAN2013","31DEC2013","PSA 501",1201,2013,573,628,2.0,2.0,4.0,501,"X","X"
"01JAN2001","31DEC2001","PSA 502",1440,2001,685,755,2.0,2.0,4.0,502,"X","X"
"01JAN2002","31DEC2002","PSA 502",1309,2002,574,735,1.0,2.0,3.0,502,"X","X"
"01JAN2003","31DEC2003","PSA 502",1358,2003,697,661,1.0,2.0,3.0,502,"X","X"
"01JAN2004","31DEC2004","PSA 502",1982,2004,1044,938,3.0,3.0,6.0,502,"X","X"
"01JAN2005","31DEC2005","PSA 502",2345,2005,1259,1086,4.0,3.0,7.0,502,"X","X"
"01JAN2006","31DEC2006","PSA 502",2952,2006,1728,1224,6.0,3.0,9.0,502,"X","X"
"01JAN2007","31DEC2007","PSA 502",3422,2007,2216,1206,7.0,3.0,10,502,"X","X"
"01JAN2008","31DEC2008","PSA 502",3589,2008,2303,1286,7.0,3.0,10,502,"X","X"
"01JAN2009","31DEC2009","PSA 502",3386,2009,2272,1114,6.0,3.0,9.0,502,"X","X"
"01JAN2010","31DEC2010","PSA 502",3161,2010,2056,1105,6.0,3.0,9.0,502,"X","X"
"01JAN2011","31DEC2011","PSA 502",2419,2011,1374,1045,5.0,2.0,7.0,502,"X","X"
"01JAN2012","31DEC2012","PSA 502",2675,2012,1561,1114,4.0,2.0,6.0,502,"X","X"
"01JAN2013","31DEC2013","PSA 502",2756,2013,1600,1156,5.0,4.0,9.0,502,"X","X"
"01JAN2001","31DEC2001","PSA 503",742,2001,394,348,1.0,1.0,2.0,503,"X","X"
"01JAN2002","31DEC2002","PSA 503",728,2002,390,338,1.0,1.0,2.0,503,"X","X"
"01JAN2003","31DEC2003","PSA 503",711,2003,387,324,2.0,1.0,3.0,503,"X","X"
"01JAN2004","31DEC2004","PSA 503",862,2004,546,316,2.0,1.0,3.0,503,"X","X"
"01JAN2005","31DEC2005","PSA 503",939,2005,544,395,1.0,2.0,3.0,503,"X","X"
"01JAN2006","31DEC2006","PSA 503",957,2006,665,292,1.0,2.0,3.0,503,"X","X"
"01JAN2007","31DEC2007","PSA 503",888,2007,652,236,1.0,1.0,2.0,503,"X","X"
"01JAN2008","31DEC2008","PSA 503",872,2008,678,194,2.0,1.0,3.0,503,"X","X"
"01JAN2009","31DEC2009","PSA 503",656,2009,542,114,1.0,1.0,2.0,503,"X","X"
"01JAN2010","31DEC2010","PSA 503",662,2010,523,139,1.0,1.0,2.0,503,"X","X"
"01JAN2011","31DEC2011","PSA 503",659,2011,498,161,1.0,1.0,2.0,503,"X","X"
"01JAN2012","31DEC2012","PSA 503",635,2012,477,158,1.0,1.0,2.0,503,"X","X"
"01JAN2013","31DEC2013","PSA 503",506,2013,506,0.0,1.0,0.0,1.0,503,"X","X"
"01JAN2001","31DEC2001","PSA 504",1908,2001,0.0,1908,0.0,7.0,7.0,504,"X","X"
"01JAN2002","31DEC2002","PSA 504",2290,2002,0.0,2290,0.0,8.0,8.0,504,"X","X"
"01JAN2003","31DEC2003","PSA 504",1712,2003,0.0,1712,0.0,7.0,7.0,504,"X","X"
"01JAN2004","31DEC2004","PSA 504",1863,2004,0.0,1863,0.0,9.0,9.0,504,"X","X"
"01JAN2005","31DEC2005","PSA 504",1503,2005,81,1422,1.0,7.0,8.0,504,"X","X"
"01JAN2006","31DEC2006","PSA 504",1699,2006,98,1601,1.0,8.0,9.0,504,"X","X"
"01JAN2007","31DEC2007","PSA 504",1724,2007,170,1554,2.0,8.0,10,504,"X","X"
"01JAN2008","31DEC2008","PSA 504",1910,2008,579,1331,4.0,4.0,8.0,504,"X","X"
"01JAN2009","31DEC2009","PSA 504",2071,2009,681,1390,3.0,4.0,7.0,504,"X","X"
"01JAN2010","31DEC2010","PSA 504",1776,2010,752,1024,3.0,4.0,7.0,504,"X","X"
"01JAN2011","31DEC2011","PSA 504",2937,2011,1692,1245,4.0,4.0,8.0,504,"X","X"
"01JAN2012","31DEC2012","PSA 504",3021,2012,1816,1205,4.0,4.0,8.0,504,"X","X"
"01JAN2013","31DEC2013","PSA 504",2732,2013,1536,1196,4.0,4.0,8.0,504,"X","X"
"01JAN2001","31DEC2001","PSA 505",404,2001,0.0,404,0.0,1.0,1.0,505,"X","X"
"01JAN2002","31DEC2002","PSA 505",700,2002,313,387,1.0,1.0,2.0,505,"X","X"
"01JAN2003","31DEC2003","PSA 505",861,2003,458,403,1.0,1.0,2.0,505,"X","X"
"01JAN2004","31DEC2004","PSA 505",866,2004,445,421,1.0,2.0,3.0,505,"X","X"
"01JAN2005","31DEC2005","PSA 505",1187,2005,697,490,2.0,2.0,4.0,505,"X","X"
"01JAN2006","31DEC2006","PSA 505",1107,2006,616,491,2.0,2.0,4.0,505,"X","X"
"01JAN2007","31DEC2007","PSA 505",1168,2007,692,476,2.0,2.0,4.0,505,"X","X"
"01JAN2008","31DEC2008","PSA 505",1139,2008,645,494,2.0,2.0,4.0,505,"X","X"
"01JAN2009","31DEC2009","PSA 505",1134,2009,634,500,2.0,2.0,4.0,505,"X","X"
"01JAN2010","31DEC2010","PSA 505",1149,2010,658,491,2.0,2.0,4.0,505,"X","X"
"01JAN2011","31DEC2011","PSA 505",1121,2011,650,471,2.0,2.0,4.0,505,"X","X"
"01JAN2012","31DEC2012","PSA 505",1107,2012,668,439,2.0,2.0,4.0,505,"X","X"
"01JAN2013","31DEC2013","PSA 505",1082,2013,644,438,2.0,2.0,4.0,505,"X","X"
"01JAN2001","31DEC2001","PSA 506",1232,2001,0.0,1232,0.0,4.0,4.0,506,"X","X"
"01JAN2002","31DEC2002","PSA 506",1135,2002,0.0,1135,0.0,4.0,4.0,506,"X","X"
"01JAN2003","31DEC2003","PSA 506",757,2003,0.0,757,0.0,3.0,3.0,506,"X","X"
"01JAN2004","31DEC2004","PSA 506",754,2004,222,532,1.0,2.0,3.0,506,"X","X"
"01JAN2005","31DEC2005","PSA 506",884,2005,0.0,884,0.0,3.0,3.0,506,"X","X"
"01JAN2006","31DEC2006","PSA 506",740,2006,0.0,740,0.0,3.0,3.0,506,"X","X"
"01JAN2007","31DEC2007","PSA 506",722,2007,0.0,722,0.0,3.0,3.0,506,"X","X"
"01JAN2008","31DEC2008","PSA 506",691,2008,219,472,1.0,3.0,4.0,506,"X","X"
"01JAN2009","31DEC2009","PSA 506",744,2009,198,546,1.0,3.0,4.0,506,"X","X"
"01JAN2010","31DEC2010","PSA 506",784,2010,228,556,1.0,3.0,4.0,506,"X","X"
"01JAN2011","31DEC2011","PSA 506",824,2011,326,498,2.0,2.0,4.0,506,"X","X"
"01JAN2012","31DEC2012","PSA 506",833,2012,358,475,2.0,2.0,4.0,506,"X","X"
"01JAN2013","31DEC2013","PSA 506",1111,2013,669,442,4.0,1.0,5.0,506,"X","X"
"01JAN2001","31DEC2001","PSA 507",3536,2001,757,2779,1.0,8.0,9.0,507,"X","X"
"01JAN2002","31DEC2002","PSA 507",3398,2002,691,2707,1.0,8.0,9.0,507,"X","X"
"01JAN2003","31DEC2003","PSA 507",3441,2003,748,2693,1.0,8.0,9.0,507,"X","X"
"01JAN2004","31DEC2004","PSA 507",3276,2004,705,2571,1.0,8.0,9.0,507,"X","X"
"01JAN2005","31DEC2005","PSA 507",2957,2005,707,2250,1.0,8.0,9.0,507,"X","X"
"01JAN2006","31DEC2006","PSA 507",2932,2006,764,2168,1.0,8.0,9.0,507,"X","X"
"01JAN2007","31DEC2007","PSA 507",2697,2007,744,1953,1.0,8.0,9.0,507,"X","X"
"01JAN2008","31DEC2008","PSA 507",2520,2008,729,1791,2.0,5.0,7.0,507,"X","X"
"01JAN2009","31DEC2009","PSA 507",2561,2009,605,1956,2.0,5.0,7.0,507,"X","X"
"01JAN2010","31DEC2010","PSA 507",2686,2010,764,1922,2.0,5.0,7.0,507,"X","X"
"01JAN2011","31DEC2011","PSA 507",2593,2011,799,1794,2.0,5.0,7.0,507,"X","X"
"01JAN2012","31DEC2012","PSA 507",2522,2012,845,1677,2.0,5.0,7.0,507,"X","X"
"01JAN2013","31DEC2013","PSA 507",1918,2013,824,1094,2.0,3.0,5.0,507,"X","X"
"01JAN2001","31DEC2001","PSA 601",1072,2001,0.0,1072,0.0,3.0,3.0,601,"X","X"
"01JAN2002","31DEC2002","PSA 601",1019,2002,0.0,1019,0.0,3.0,3.0,601,"X","X"
"01JAN2003","31DEC2003","PSA 601",1017,2003,0.0,1017,0.0,3.0,3.0,601,"X","X"
"01JAN2004","31DEC2004","PSA 601",957,2004,0.0,957,0.0,3.0,3.0,601,"X","X"
"01JAN2005","31DEC2005","PSA 601",1404,2005,516,888,1.0,3.0,4.0,601,"X","X"
"01JAN2006","31DEC2006","PSA 601",1546,2006,717,829,1.0,3.0,4.0,601,"X","X"
"01JAN2007","31DEC2007","PSA 601",1442,2007,722,720,1.0,3.0,4.0,601,"X","X"
"01JAN2008","31DEC2008","PSA 601",1351,2008,728,623,1.0,3.0,4.0,601,"X","X"
"01JAN2009","31DEC2009","PSA 601",1308,2009,725,583,1.0,3.0,4.0,601,"X","X"
"01JAN2010","31DEC2010","PSA 601",1269,2010,713,556,1.0,3.0,4.0,601,"X","X"
"01JAN2011","31DEC2011","PSA 601",1224,2011,674,550,1.0,3.0,4.0,601,"X","X"
"01JAN2012","31DEC2012","PSA 601",1168,2012,709,459,1.0,2.0,3.0,601,"X","X"
"01JAN2013","31DEC2013","PSA 601",1092,2013,678,414,1.0,1.0,2.0,601,"X","X"
"01JAN2001","31DEC2001","PSA 602",3114,2001,1543,1571,4.0,4.0,8.0,602,"X","X"
"01JAN2002","31DEC2002","PSA 602",3263,2002,1761,1502,3.0,4.0,7.0,602,"X","X"
"01JAN2003","31DEC2003","PSA 602",3483,2003,2033,1450,3.0,4.0,7.0,602,"X","X"
"01JAN2004","31DEC2004","PSA 602",3978,2004,2178,1800,4.0,5.0,9.0,602,"X","X"
"01JAN2005","31DEC2005","PSA 602",3901,2005,2240,1661,4.0,5.0,9.0,602,"X","X"
"01JAN2006","31DEC2006","PSA 602",3911,2006,2290,1621,4.0,5.0,9.0,602,"X","X"
"01JAN2007","31DEC2007","PSA 602",3856,2007,2458,1398,4.0,5.0,9.0,602,"X","X"
"01JAN2008","31DEC2008","PSA 602",4125,2008,2348,1777,3.0,6.0,9.0,602,"X","X"
"01JAN2009","31DEC2009","PSA 602",3901,2009,2293,1608,3.0,6.0,9.0,602,"X","X"
"01JAN2010","31DEC2010","PSA 602",3677,2010,2181,1496,3.0,6.0,9.0,602,"X","X"
"01JAN2011","31DEC2011","PSA 602",2761,2011,1469,1292,2.0,5.0,7.0,602,"X","X"
"01JAN2012","31DEC2012","PSA 602",2667,2012,1338,1329,2.0,5.0,7.0,602,"X","X"
"01JAN2013","31DEC2013","PSA 602",2437,2013,1113,1324,2.0,4.0,6.0,602,"X","X"
"01JAN2001","31DEC2001","PSA 603",825,2001,155,670,1.0,2.0,3.0,603,"X","X"
"01JAN2002","31DEC2002","PSA 603",878,2002,225,653,1.0,2.0,3.0,603,"X","X"
"01JAN2003","31DEC2003","PSA 603",925,2003,298,627,1.0,2.0,3.0,603,"X","X"
"01JAN2004","31DEC2004","PSA 603",905,2004,321,584,1.0,2.0,3.0,603,"X","X"
"01JAN2005","31DEC2005","PSA 603",819,2005,324,495,1.0,2.0,3.0,603,"X","X"
"01JAN2006","31DEC2006","PSA 603",763,2006,327,436,1.0,2.0,3.0,603,"X","X"
"01JAN2007","31DEC2007","PSA 603",491,2007,329,162,1.0,1.0,2.0,603,"X","X"
"01JAN2008","31DEC2008","PSA 603",836,2008,604,232,3.0,1.0,4.0,603,"X","X"
"01JAN2009","31DEC2009","PSA 603",1010,2009,743,267,3.0,1.0,4.0,603,"X","X"
"01JAN2010","31DEC2010","PSA 603",1081,2010,801,280,3.0,1.0,4.0,603,"X","X"
"01JAN2011","31DEC2011","PSA 603",1145,2011,797,348,3.0,1.0,4.0,603,"X","X"
"01JAN2012","31DEC2012","PSA 603",1076,2012,772,304,2.0,1.0,3.0,603,"X","X"
"01JAN2013","31DEC2013","PSA 603",1143,2013,848,295,3.0,1.0,4.0,603,"X","X"
"01JAN2001","31DEC2001","PSA 604",2516,2001,0.0,2516,0.0,6.0,6.0,604,"X","X"
"01JAN2002","31DEC2002","PSA 604",2306,2002,0.0,2306,0.0,6.0,6.0,604,"X","X"
"01JAN2003","31DEC2003","PSA 604",2435,2003,0.0,2435,0.0,7.0,7.0,604,"X","X"
"01JAN2004","31DEC2004","PSA 604",2114,2004,0.0,2114,0.0,7.0,7.0,604,"X","X"
"01JAN2005","31DEC2005","PSA 604",1976,2005,0.0,1976,0.0,7.0,7.0,604,"X","X"
"01JAN2006","31DEC2006","PSA 604",1382,2006,36,1346,1.0,4.0,5.0,604,"X","X"
"01JAN2007","31DEC2007","PSA 604",1479,2007,72,1407,1.0,5.0,6.0,604,"X","X"
"01JAN2008","31DEC2008","PSA 604",1825,2008,579,1246,3.0,6.0,9.0,604,"X","X"
"01JAN2009","31DEC2009","PSA 604",2392,2009,798,1594,4.0,7.0,11,604,"X","X"
"01JAN2010","31DEC2010","PSA 604",2019,2010,900,1119,3.0,7.0,10,604,"X","X"
"01JAN2011","31DEC2011","PSA 604",1987,2011,1032,955,3.0,4.0,7.0,604,"X","X"
"01JAN2012","31DEC2012","PSA 604",2268,2012,1227,1041,4.0,4.0,8.0,604,"X","X"
"01JAN2013","31DEC2013","PSA 604",2399,2013,1345,1054,4.0,3.0,7.0,604,"X","X"
"01JAN2001","31DEC2001","PSA 605",472,2001,0.0,472,0.0,1.0,1.0,605,"X","X"
"01JAN2002","31DEC2002","PSA 605",452,2002,0.0,452,0.0,1.0,1.0,605,"X","X"
"01JAN2003","31DEC2003","PSA 605",412,2003,0.0,412,0.0,1.0,1.0,605,"X","X"
"01JAN2004","31DEC2004","PSA 605",368,2004,0.0,368,0.0,1.0,1.0,605,"X","X"
"01JAN2005","31DEC2005","PSA 605",525,2005,194,331,1.0,1.0,2.0,605,"X","X"
"01JAN2006","31DEC2006","PSA 605",475,2006,134,341,1.0,1.0,2.0,605,"X","X"
"01JAN2007","31DEC2007","PSA 605",574,2007,253,321,2.0,1.0,3.0,605,"X","X"
"01JAN2008","31DEC2008","PSA 605",478,2008,170,308,1.0,1.0,2.0,605,"X","X"
"01JAN2009","31DEC2009","PSA 605",469,2009,166,303,1.0,1.0,2.0,605,"X","X"
"01JAN2010","31DEC2010","PSA 605",443,2010,134,309,1.0,1.0,2.0,605,"X","X"
"01JAN2011","31DEC2011","PSA 605",467,2011,154,313,1.0,1.0,2.0,605,"X","X"
"01JAN2012","31DEC2012","PSA 605",440,2012,151,289,1.0,1.0,2.0,605,"X","X"
"01JAN2013","31DEC2013","PSA 605",330,2013,0.0,330,0.0,1.0,1.0,605,"X","X"
"01JAN2001","31DEC2001","PSA 606",557,2001,0.0,557,0.0,1.0,1.0,606,"X","X"
"01JAN2002","31DEC2002","PSA 606",553,2002,0.0,553,0.0,1.0,1.0,606,"X","X"
"01JAN2003","31DEC2003","PSA 606",520,2003,0.0,520,0.0,1.0,1.0,606,"X","X"
"01JAN2004","31DEC2004","PSA 606",459,2004,0.0,459,0.0,1.0,1.0,606,"X","X"
"01JAN2005","31DEC2005","PSA 606",420,2005,0.0,420,0.0,1.0,1.0,606,"X","X"
"01JAN2006","31DEC2006","PSA 606",354,2006,0.0,354,0.0,1.0,1.0,606,"X","X"
"01JAN2007","31DEC2007","PSA 606",285,2007,0.0,285,0.0,1.0,1.0,606,"X","X"
"01JAN2008","31DEC2008","PSA 606",310,2008,0.0,310,0.0,1.0,1.0,606,"X","X"
"01JAN2009","31DEC2009","PSA 606",298,2009,0.0,298,0.0,1.0,1.0,606,"X","X"
"01JAN2010","31DEC2010","PSA 606",321,2010,0.0,321,0.0,1.0,1.0,606,"X","X"
"01JAN2011","31DEC2011","PSA 606",302,2011,0.0,302,0.0,1.0,1.0,606,"X","X"
"01JAN2012","31DEC2012","PSA 606",308,2012,0.0,308,0.0,1.0,1.0,606,"X","X"
"01JAN2013","31DEC2013","PSA 606",0.0,2013,0.0,0.0,0.0,0.0,0.0,606,"X","X"
"01JAN2001","31DEC2001","PSA 607",2400,2001,0.0,2400,0.0,5.0,5.0,607,"X","X"
"01JAN2002","31DEC2002","PSA 607",2378,2002,0.0,2378,0.0,5.0,5.0,607,"X","X"
"01JAN2003","31DEC2003","PSA 607",2345,2003,0.0,2345,0.0,5.0,5.0,607,"X","X"
"01JAN2004","31DEC2004","PSA 607",2327,2004,0.0,2327,0.0,5.0,5.0,607,"X","X"
"01JAN2005","31DEC2005","PSA 607",2338,2005,0.0,2338,0.0,5.0,5.0,607,"X","X"
"01JAN2006","31DEC2006","PSA 607",2241,2006,0.0,2241,0.0,5.0,5.0,607,"X","X"
"01JAN2007","31DEC2007","PSA 607",2303,2007,99,2204,1.0,5.0,6.0,607,"X","X"
"01JAN2008","31DEC2008","PSA 607",2208,2008,0.0,2208,0.0,5.0,5.0,607,"X","X"
"01JAN2009","31DEC2009","PSA 607",2168,2009,0.0,2168,0.0,5.0,5.0,607,"X","X"
"01JAN2010","31DEC2010","PSA 607",2194,2010,0.0,2194,0.0,5.0,5.0,607,"X","X"
"01JAN2011","31DEC2011","PSA 607",2139,2011,0.0,2139,0.0,5.0,5.0,607,"X","X"
"01JAN2012","31DEC2012","PSA 607",2062,2012,0.0,2062,0.0,5.0,5.0,607,"X","X"
"01JAN2013","31DEC2013","PSA 607",2231,2013,0.0,2231,0.0,5.0,5.0,607,"X","X"
"01JAN2001","31DEC2001","PSA 608",2385,2001,0.0,2385,0.0,6.0,6.0,608,"X","X"
"01JAN2002","31DEC2002","PSA 608",2345,2002,0.0,2345,0.0,6.0,6.0,608,"X","X"
"01JAN2003","31DEC2003","PSA 608",2389,2003,0.0,2389,0.0,7.0,7.0,608,"X","X"
"01JAN2004","31DEC2004","PSA 608",2154,2004,76,2078,1.0,6.0,7.0,608,"X","X"
"01JAN2005","31DEC2005","PSA 608",2188,2005,118,2070,1.0,6.0,7.0,608,"X","X"
"01JAN2006","31DEC2006","PSA 608",2009,2006,161,1848,1.0,5.0,6.0,608,"X","X"
"01JAN2007","31DEC2007","PSA 608",1926,2007,187,1739,1.0,5.0,6.0,608,"X","X"
"01JAN2008","31DEC2008","PSA 608",1429,2008,390,1039,2.0,3.0,5.0,608,"X","X"
"01JAN2009","31DEC2009","PSA 608",922,2009,416,506,2.0,2.0,4.0,608,"X","X"
"01JAN2010","31DEC2010","PSA 608",1026,2010,486,540,2.0,2.0,4.0,608,"X","X"
"01JAN2011","31DEC2011","PSA 608",2467,2011,1108,1359,3.0,3.0,6.0,608,"X","X"
"01JAN2012","31DEC2012","PSA 608",2436,2012,1205,1231,4.0,3.0,7.0,608,"X","X"
"01JAN2013","31DEC2013","PSA 608",2500,2013,1216,1284,4.0,3.0,7.0,608,"X","X"
"01JAN2001","31DEC2001","PSA 701",411,2001,0.0,411,0.0,1.0,1.0,701,"X","X"
"01JAN2002","31DEC2002","PSA 701",413,2002,0.0,413,0.0,1.0,1.0,701,"X","X"
"01JAN2003","31DEC2003","PSA 701",413,2003,0.0,413,0.0,1.0,1.0,701,"X","X"
"01JAN2004","31DEC2004","PSA 701",406,2004,0.0,406,0.0,1.0,1.0,701,"X","X"
"01JAN2005","31DEC2005","PSA 701",352,2005,0.0,352,0.0,1.0,1.0,701,"X","X"
"01JAN2006","31DEC2006","PSA 701",328,2006,0.0,328,0.0,1.0,1.0,701,"X","X"
"01JAN2007","31DEC2007","PSA 701",310,2007,0.0,310,0.0,1.0,1.0,701,"X","X"
"01JAN2008","31DEC2008","PSA 701",282,2008,0.0,282,0.0,1.0,1.0,701,"X","X"
"01JAN2009","31DEC2009","PSA 701",259,2009,0.0,259,0.0,1.0,1.0,701,"X","X"
"01JAN2010","31DEC2010","PSA 701",255,2010,0.0,255,0.0,1.0,1.0,701,"X","X"
"01JAN2011","31DEC2011","PSA 701",256,2011,0.0,256,0.0,1.0,1.0,701,"X","X"
"01JAN2012","31DEC2012","PSA 701",260,2012,0.0,260,0.0,1.0,1.0,701,"X","X"
"01JAN2013","31DEC2013","PSA 701",306,2013,0.0,306,0.0,1.0,1.0,701,"X","X"
"01JAN2001","31DEC2001","PSA 702",1091,2001,0.0,1091,0.0,2.0,2.0,702,"X","X"
"01JAN2002","31DEC2002","PSA 702",1142,2002,0.0,1142,0.0,2.0,2.0,702,"X","X"
"01JAN2003","31DEC2003","PSA 702",1068,2003,0.0,1068,0.0,2.0,2.0,702,"X","X"
"01JAN2004","31DEC2004","PSA 702",962,2004,0.0,962,0.0,2.0,2.0,702,"X","X"
"01JAN2005","31DEC2005","PSA 702",843,2005,0.0,843,0.0,2.0,2.0,702,"X","X"
"01JAN2006","31DEC2006","PSA 702",759,2006,0.0,759,0.0,2.0,2.0,702,"X","X"
"01JAN2007","31DEC2007","PSA 702",698,2007,0.0,698,0.0,2.0,2.0,702,"X","X"
"01JAN2008","31DEC2008","PSA 702",620,2008,0.0,620,0.0,2.0,2.0,702,"X","X"
"01JAN2009","31DEC2009","PSA 702",645,2009,0.0,645,0.0,2.0,2.0,702,"X","X"
"01JAN2010","31DEC2010","PSA 702",635,2010,0.0,635,0.0,2.0,2.0,702,"X","X"
"01JAN2011","31DEC2011","PSA 702",595,2011,0.0,595,0.0,2.0,2.0,702,"X","X"
"01JAN2012","31DEC2012","PSA 702",636,2012,0.0,636,0.0,2.0,2.0,702,"X","X"
"01JAN2013","31DEC2013","PSA 702",851,2013,0.0,851,0.0,2.0,2.0,702,"X","X"
"01JAN2001","31DEC2001","PSA 703",2416,2001,369,2047,1.0,7.0,8.0,703,"X","X"
"01JAN2002","31DEC2002","PSA 703",2499,2002,534,1965,1.0,7.0,8.0,703,"X","X"
"01JAN2003","31DEC2003","PSA 703",2558,2003,597,1961,1.0,7.0,8.0,703,"X","X"
"01JAN2004","31DEC2004","PSA 703",2356,2004,591,1765,1.0,7.0,8.0,703,"X","X"
"01JAN2005","31DEC2005","PSA 703",2495,2005,889,1606,2.0,8.0,10,703,"X","X"
"01JAN2006","31DEC2006","PSA 703",2322,2006,921,1401,2.0,7.0,9.0,703,"X","X"
"01JAN2007","31DEC2007","PSA 703",2201,2007,977,1224,2.0,8.0,10,703,"X","X"
"01JAN2008","31DEC2008","PSA 703",2198,2008,1328,870,3.0,4.0,7.0,703,"X","X"
"01JAN2009","31DEC2009","PSA 703",2648,2009,1834,814,7.0,3.0,10,703,"X","X"
"01JAN2010","31DEC2010","PSA 703",2486,2010,2119,367,7.0,2.0,9.0,703,"X","X"
"01JAN2011","31DEC2011","PSA 703",3397,2011,2738,659,9.0,2.0,11,703,"X","X"
"01JAN2012","31DEC2012","PSA 703",3640,2012,2918,722,9.0,2.0,11,703,"X","X"
"01JAN2013","31DEC2013","PSA 703",3657,2013,2887,770,8.0,2.0,10,703,"X","X"
"01JAN2001","31DEC2001","PSA 704",1048,2001,0.0,1048,0.0,2.0,2.0,704,"X","X"
"01JAN2002","31DEC2002","PSA 704",1141,2002,0.0,1141,0.0,2.0,2.0,704,"X","X"
"01JAN2003","31DEC2003","PSA 704",1132,2003,0.0,1132,0.0,2.0,2.0,704,"X","X"
"01JAN2004","31DEC2004","PSA 704",1056,2004,0.0,1056,0.0,2.0,2.0,704,"X","X"
"01JAN2005","31DEC2005","PSA 704",953,2005,0.0,953,0.0,2.0,2.0,704,"X","X"
"01JAN2006","31DEC2006","PSA 704",787,2006,0.0,787,0.0,2.0,2.0,704,"X","X"
"01JAN2007","31DEC2007","PSA 704",500,2007,0.0,500,0.0,2.0,2.0,704,"X","X"
"01JAN2008","31DEC2008","PSA 704",288,2008,0.0,288,0.0,1.0,1.0,704,"X","X"
"01JAN2009","31DEC2009","PSA 704",277,2009,0.0,277,0.0,1.0,1.0,704,"X","X"
"01JAN2010","31DEC2010","PSA 704",255,2010,0.0,255,0.0,1.0,1.0,704,"X","X"
"01JAN2011","31DEC2011","PSA 704",412,2011,160,252,2.0,1.0,3.0,704,"X","X"
"01JAN2012","31DEC2012","PSA 704",755,2012,172,583,2.0,2.0,4.0,704,"X","X"
"01JAN2013","31DEC2013","PSA 704",846,2013,172,674,2.0,2.0,4.0,704,"X","X"
"01JAN2001","31DEC2001","PSA 705",4013,2001,705,3308,2.0,7.0,9.0,705,"X","X"
"01JAN2002","31DEC2002","PSA 705",3851,2002,762,3089,2.0,7.0,9.0,705,"X","X"
"01JAN2003","31DEC2003","PSA 705",3131,2003,156,2975,1.0,7.0,8.0,705,"X","X"
"01JAN2004","31DEC2004","PSA 705",2730,2004,224,2506,1.0,7.0,8.0,705,"X","X"
"01JAN2005","31DEC2005","PSA 705",2743,2005,321,2422,1.0,7.0,8.0,705,"X","X"
"01JAN2006","31DEC2006","PSA 705",2427,2006,167,2260,1.0,6.0,7.0,705,"X","X"
"01JAN2007","31DEC2007","PSA 705",2268,2007,240,2028,1.0,6.0,7.0,705,"X","X"
"01JAN2008","31DEC2008","PSA 705",2336,2008,222,2114,1.0,6.0,7.0,705,"X","X"
"01JAN2009","31DEC2009","PSA 705",2178,2009,321,1857,1.0,6.0,7.0,705,"X","X"
"01JAN2010","31DEC2010","PSA 705",2046,2010,489,1557,1.0,6.0,7.0,705,"X","X"
"01JAN2011","31DEC2011","PSA 705",2457,2011,553,1904,1.0,6.0,7.0,705,"X","X"
"01JAN2012","31DEC2012","PSA 705",2774,2012,1251,1523,2.0,5.0,7.0,705,"X","X"
"01JAN2013","31DEC2013","PSA 705",3102,2013,1610,1492,4.0,4.0,8.0,705,"X","X"
"01JAN2001","31DEC2001","PSA 706",1207,2001,0.0,1207,0.0,3.0,3.0,706,"X","X"
"01JAN2002","31DEC2002","PSA 706",1031,2002,0.0,1031,0.0,3.0,3.0,706,"X","X"
"01JAN2003","31DEC2003","PSA 706",910,2003,0.0,910,0.0,4.0,4.0,706,"X","X"
"01JAN2004","31DEC2004","PSA 706",840,2004,0.0,840,0.0,4.0,4.0,706,"X","X"
"01JAN2005","31DEC2005","PSA 706",855,2005,106,749,1.0,4.0,5.0,706,"X","X"
"01JAN2006","31DEC2006","PSA 706",811,2006,114,697,2.0,4.0,6.0,706,"X","X"
"01JAN2007","31DEC2007","PSA 706",813,2007,221,592,3.0,3.0,6.0,706,"X","X"
"01JAN2008","31DEC2008","PSA 706",994,2008,347,647,4.0,3.0,7.0,706,"X","X"
"01JAN2009","31DEC2009","PSA 706",1229,2009,541,688,5.0,2.0,7.0,706,"X","X"
"01JAN2010","31DEC2010","PSA 706",1439,2010,757,682,5.0,2.0,7.0,706,"X","X"
"01JAN2011","31DEC2011","PSA 706",1233,2011,653,580,4.0,2.0,6.0,706,"X","X"
"01JAN2012","31DEC2012","PSA 706",1117,2012,563,554,3.0,2.0,5.0,706,"X","X"
"01JAN2013","31DEC2013","PSA 706",1166,2013,645,521,3.0,1.0,4.0,706,"X","X"
"01JAN2001","31DEC2001","PSA 707",1440,2001,0.0,1440,0.0,2.0,2.0,707,"X","X"
"01JAN2002","31DEC2002","PSA 707",1550,2002,0.0,1550,0.0,2.0,2.0,707,"X","X"
"01JAN2003","31DEC2003","PSA 707",2019,2003,694,1325,1.0,2.0,3.0,707,"X","X"
"01JAN2004","31DEC2004","PSA 707",2051,2004,650,1401,1.0,2.0,3.0,707,"X","X"
"01JAN2005","31DEC2005","PSA 707",1863,2005,352,1511,1.0,2.0,3.0,707,"X","X"
"01JAN2006","31DEC2006","PSA 707",2077,2006,367,1710,1.0,2.0,3.0,707,"X","X"
"01JAN2007","31DEC2007","PSA 707",2524,2007,513,2011,1.0,2.0,3.0,707,"X","X"
"01JAN2008","31DEC2008","PSA 707",2686,2008,777,1909,2.0,3.0,5.0,707,"X","X"
"01JAN2009","31DEC2009","PSA 707",2712,2009,836,1876,3.0,3.0,6.0,707,"X","X"
"01JAN2010","31DEC2010","PSA 707",2969,2010,991,1978,3.0,2.0,5.0,707,"X","X"
"01JAN2011","31DEC2011","PSA 707",2855,2011,1169,1686,3.0,2.0,5.0,707,"X","X"
"01JAN2012","31DEC2012","PSA 707",2566,2012,1174,1392,3.0,2.0,5.0,707,"X","X"
"01JAN2013","31DEC2013","PSA 707",2448,2013,1192,1256,3.0,2.0,5.0,707,"X","X"
"01JAN2001","31DEC2001","PSA 708",1509,2001,0.0,1509,0.0,3.0,3.0,708,"X","X"
"01JAN2002","31DEC2002","PSA 708",1612,2002,0.0,1612,0.0,3.0,3.0,708,"X","X"
"01JAN2003","31DEC2003","PSA 708",1512,2003,0.0,1512,0.0,3.0,3.0,708,"X","X"
"01JAN2004","31DEC2004","PSA 708",1334,2004,0.0,1334,0.0,3.0,3.0,708,"X","X"
"01JAN2005","31DEC2005","PSA 708",1332,2005,0.0,1332,0.0,3.0,3.0,708,"X","X"
"01JAN2006","31DEC2006","PSA 708",1394,2006,118,1276,1.0,3.0,4.0,708,"X","X"
"01JAN2007","31DEC2007","PSA 708",1319,2007,147,1172,1.0,3.0,4.0,708,"X","X"
"01JAN2008","31DEC2008","PSA 708",917,2008,134,783,1.0,2.0,3.0,708,"X","X"
"01JAN2009","31DEC2009","PSA 708",706,2009,0.0,706,0.0,2.0,2.0,708,"X","X"
"01JAN2010","31DEC2010","PSA 708",712,2010,0.0,712,0.0,2.0,2.0,708,"X","X"
"01JAN2011","31DEC2011","PSA 708",681,2011,0.0,681,0.0,2.0,2.0,708,"X","X"
"01JAN2012","31DEC2012","PSA 708",984,2012,310,674,1.0,2.0,3.0,708,"X","X"
"01JAN2013","31DEC2013","PSA 708",1168,2013,438,730,2.0,2.0,4.0,708,"X","X"
"01JAN2012","31DEC2016","PSA 101","X",2012,"X","X","X","X","X",101,5.8,6.9
"01JAN2012","31DEC2016","PSA 102","X",2012,"X","X","X","X","X",102,11,3.5
"01JAN2012","31DEC2016","PSA 103","X",2012,"X","X","X","X","X",103,11,3.9
"01JAN2012","31DEC2016","PSA 104","X",2012,"X","X","X","X","X",104,4.5,1.3
"01JAN2012","31DEC2016","PSA 105","X",2012,"X","X","X","X","X",105,6.9,1.7
"01JAN2012","31DEC2016","PSA 106","X",2012,"X","X","X","X","X",106,5.2,1.8
"01JAN2012","31DEC2016","PSA 107","X",2012,"X","X","X","X","X",107,1.8,1.0
"01JAN2012","31DEC2016","PSA 108","X",2012,"X","X","X","X","X",108,8.1,1.6
"01JAN2012","31DEC2016","PSA 201","X",2012,"X","X","X","X","X",201,2.4,1.4
"01JAN2012","31DEC2016","PSA 202","X",2012,"X","X","X","X","X",202,1.0,1.1
"01JAN2012","31DEC2016","PSA 203","X",2012,"X","X","X","X","X",203,1.3,0.9
"01JAN2012","31DEC2016","PSA 204","X",2012,"X","X","X","X","X",204,2.9,1.2
"01JAN2012","31DEC2016","PSA 205","X",2012,"X","X","X","X","X",205,2.0,1.2
"01JAN2012","31DEC2016","PSA 206","X",2012,"X","X","X","X","X",206,0.7,1.5
"01JAN2012","31DEC2016","PSA 207","X",2012,"X","X","X","X","X",207,3.2,2.2
"01JAN2012","31DEC2016","PSA 208","X",2012,"X","X","X","X","X",208,2.2,1.5
"01JAN2012","31DEC2016","PSA 301","X",2012,"X","X","X","X","X",301,3.8,1.8
"01JAN2012","31DEC2016","PSA 302","X",2012,"X","X","X","X","X",302,18,3.3
"01JAN2012","31DEC2016","PSA 303","X",2012,"X","X","X","X","X",303,5.7,1.7
"01JAN2012","31DEC2016","PSA 304","X",2012,"X","X","X","X","X",304,11,2.7
"01JAN2012","31DEC2016","PSA 305","X",2012,"X","X","X","X","X",305,5.3,2.2
"01JAN2012","31DEC2016","PSA 306","X",2012,"X","X","X","X","X",306,10,4.3
"01JAN2012","31DEC2016","PSA 307","X",2012,"X","X","X","X","X",307,11,2.8
"01JAN2012","31DEC2016","PSA 308","X",2012,"X","X","X","X","X",308,11,2.9
"01JAN2012","31DEC2016","PSA 401","X",2012,"X","X","X","X","X",401,8.1,2.3
"01JAN2012","31DEC2016","PSA 402","X",2012,"X","X","X","X","X",402,15,2.8
"01JAN2012","31DEC2016","PSA 403","X",2012,"X","X","X","X","X",403,16,3.0
"01JAN2012","31DEC2016","PSA 404","X",2012,"X","X","X","X","X",404,19,4.0
"01JAN2012","31DEC2016","PSA 405","X",2012,"X","X","X","X","X",405,9.8,2.0
"01JAN2012","31DEC2016","PSA 406","X",2012,"X","X","X","X","X",406,9.8,2.9
"01JAN2012","31DEC2016","PSA 407","X",2012,"X","X","X","X","X",407,13,2.5
"01JAN2012","31DEC2016","PSA 408","X",2012,"X","X","X","X","X",408,12,3.5
"01JAN2012","31DEC2016","PSA 409","X",2012,"X","X","X","X","X",409,19,3.7
"01JAN2012","31DEC2016","PSA 501","X",2012,"X","X","X","X","X",501,5.8,1.9
"01JAN2012","31DEC2016","PSA 502","X",2012,"X","X","X","X","X",502,15,2.9
"01JAN2012","31DEC2016","PSA 503","X",2012,"X","X","X","X","X",503,15,2.6
"01JAN2012","31DEC2016","PSA 504","X",2012,"X","X","X","X","X",504,9.3,2.7
"01JAN2012","31DEC2016","PSA 505","X",2012,"X","X","X","X","X",505,15,3.6
"01JAN2012","31DEC2016","PSA 506","X",2012,"X","X","X","X","X",506,16,3.1
"01JAN2012","31DEC2016","PSA 507","X",2012,"X","X","X","X","X",507,18,3.1
"01JAN2012","31DEC2016","PSA 601","X",2012,"X","X","X","X","X",601,16,3.3
"01JAN2012","31DEC2016","PSA 602","X",2012,"X","X","X","X","X",602,16,3.5
"01JAN2012","31DEC2016","PSA 603","X",2012,"X","X","X","X","X",603,22,4.0
"01JAN2012","31DEC2016","PSA 604","X",2012,"X","X","X","X","X",604,15,2.4
"01JAN2012","31DEC2016","PSA 605","X",2012,"X","X","X","X","X",605,12,2.4
"01JAN2012","31DEC2016","PSA 606","X",2012,"X","X","X","X","X",606,15,5.0
"01JAN2012","31DEC2016","PSA 607","X",2012,"X","X","X","X","X",607,14,3.8
"01JAN2012","31DEC2016","PSA 608","X",2012,"X","X","X","X","X",608,15,3.3
"01JAN2012","31DEC2016","PSA 701","X",2012,"X","X","X","X","X",701,14,2.9
"01JAN2012","31DEC2016","PSA 702","X",2012,"X","X","X","X","X",702,19,3.9
"01JAN2012","31DEC2016","PSA 703","X",2012,"X","X","X","X","X",703,19,3.9
"01JAN2012","31DEC2016","PSA 704","X",2012,"X","X","X","X","X",704,18,4.0
"01JAN2012","31DEC2016","PSA 705","X",2012,"X","X","X","X","X",705,18,4.2
"01JAN2012","31DEC2016","PSA 706","X",2012,"X","X","X","X","X",706,19,3.5
"01JAN2012","31DEC2016","PSA 707","X",2012,"X","X","X","X","X",707,12,3.5
"01JAN2012","31DEC2016","PSA 708","X",2012,"X","X","X","X","X",708,15,3.1
"01JAN2000","31DEC2000","PSA 101","X",2000,"X","X","X","X","X",101,32,"."
"01JAN2000","31DEC2000","PSA 102","X",2000,"X","X","X","X","X",102,34,"."
"01JAN2000","31DEC2000","PSA 103","X",2000,"X","X","X","X","X",103,39,"."
"01JAN2000","31DEC2000","PSA 104","X",2000,"X","X","X","X","X",104,23,"."
"01JAN2000","31DEC2000","PSA 105","X",2000,"X","X","X","X","X",105,19,"."
"01JAN2000","31DEC2000","PSA 106","X",2000,"X","X","X","X","X",106,28,"."
"01JAN2000","31DEC2000","PSA 107","X",2000,"X","X","X","X","X",107,6.7,"."
"01JAN2000","31DEC2000","PSA 108","X",2000,"X","X","X","X","X",108,23,"."
"01JAN2000","31DEC2000","PSA 201","X",2000,"X","X","X","X","X",201,7.0,"."
"01JAN2000","31DEC2000","PSA 202","X",2000,"X","X","X","X","X",202,3.8,"."
"01JAN2000","31DEC2000","PSA 203","X",2000,"X","X","X","X","X",203,4.9,"."
"01JAN2000","31DEC2000","PSA 204","X",2000,"X","X","X","X","X",204,3.8,"."
"01JAN2000","31DEC2000","PSA 205","X",2000,"X","X","X","X","X",205,2.1,"."
"01JAN2000","31DEC2000","PSA 206","X",2000,"X","X","X","X","X",206,2.1,"."
"01JAN2000","31DEC2000","PSA 207","X",2000,"X","X","X","X","X",207,5.3,"."
"01JAN2000","31DEC2000","PSA 208","X",2000,"X","X","X","X","X",208,7.7,"."
"01JAN2000","31DEC2000","PSA 301","X",2000,"X","X","X","X","X",301,14,"."
"01JAN2000","31DEC2000","PSA 302","X",2000,"X","X","X","X","X",302,49,"."
"01JAN2000","31DEC2000","PSA 303","X",2000,"X","X","X","X","X",303,12,"."
"01JAN2000","31DEC2000","PSA 304","X",2000,"X","X","X","X","X",304,43,"."
"01JAN2000","31DEC2000","PSA 305","X",2000,"X","X","X","X","X",305,30,"."
"01JAN2000","31DEC2000","PSA 306","X",2000,"X","X","X","X","X",306,37,"."
"01JAN2000","31DEC2000","PSA 307","X",2000,"X","X","X","X","X",307,30,"."
"01JAN2000","31DEC2000","PSA 308","X",2000,"X","X","X","X","X",308,35,"."
"01JAN2000","31DEC2000","PSA 401","X",2000,"X","X","X","X","X",401,13,"."
"01JAN2000","31DEC2000","PSA 402","X",2000,"X","X","X","X","X",402,25,"."
"01JAN2000","31DEC2000","PSA 403","X",2000,"X","X","X","X","X",403,26,"."
"01JAN2000","31DEC2000","PSA 404","X",2000,"X","X","X","X","X",404,31,"."
"01JAN2000","31DEC2000","PSA 405","X",2000,"X","X","X","X","X",405,18,"."
"01JAN2000","31DEC2000","PSA 406","X",2000,"X","X","X","X","X",406,18,"."
"01JAN2000","31DEC2000","PSA 407","X",2000,"X","X","X","X","X",407,31,"."
"01JAN2000","31DEC2000","PSA 408","X",2000,"X","X","X","X","X",408,29,"."
"01JAN2000","31DEC2000","PSA 409","X",2000,"X","X","X","X","X",409,48,"."
"01JAN2000","31DEC2000","PSA 501","X",2000,"X","X","X","X","X",501,28,"."
"01JAN2000","31DEC2000","PSA 502","X",2000,"X","X","X","X","X",502,33,"."
"01JAN2000","31DEC2000","PSA 503","X",2000,"X","X","X","X","X",503,27,"."
"01JAN2000","31DEC2000","PSA 504","X",2000,"X","X","X","X","X",504,20,"."
"01JAN2000","31DEC2000","PSA 505","X",2000,"X","X","X","X","X",505,30,"."
"01JAN2000","31DEC2000","PSA 506","X",2000,"X","X","X","X","X",506,38,"."
"01JAN2000","31DEC2000","PSA 507","X",2000,"X","X","X","X","X",507,37,"."
"01JAN2000","31DEC2000","PSA 601","X",2000,"X","X","X","X","X",601,33,"."
"01JAN2000","31DEC2000","PSA 602","X",2000,"X","X","X","X","X",602,33,"."
"01JAN2000","31DEC2000","PSA 603","X",2000,"X","X","X","X","X",603,29,"."
"01JAN2000","31DEC2000","PSA 604","X",2000,"X","X","X","X","X",604,34,"."
"01JAN2000","31DEC2000","PSA 605","X",2000,"X","X","X","X","X",605,22,"."
"01JAN2000","31DEC2000","PSA 606","X",2000,"X","X","X","X","X",606,19,"."
"01JAN2000","31DEC2000","PSA 607","X",2000,"X","X","X","X","X",607,26,"."
"01JAN2000","31DEC2000","PSA 608","X",2000,"X","X","X","X","X",608,35,"."
"01JAN2000","31DEC2000","PSA 701","X",2000,"X","X","X","X","X",701,29,"."
"01JAN2000","31DEC2000","PSA 702","X",2000,"X","X","X","X","X",702,35,"."
"01JAN2000","31DEC2000","PSA 703","X",2000,"X","X","X","X","X",703,44,"."
"01JAN2000","31DEC2000","PSA 704","X",2000,"X","X","X","X","X",704,43,"."
"01JAN2000","31DEC2000","PSA 705","X",2000,"X","X","X","X","X",705,32,"."
"01JAN2000","31DEC2000","PSA 706","X",2000,"X","X","X","X","X",706,37,"."
"01JAN2000","31DEC2000","PSA 707","X",2000,"X","X","X","X","X",707,20,"."
"01JAN2000","31DEC2000","PSA 708","X",2000,"X","X","X","X","X",708,31,"."
"01JAN1990","31DEC1990","PSA 101","X",1990,"X","X","X","X","X",101,51,"."
"01JAN1990","31DEC1990","PSA 102","X",1990,"X","X","X","X","X",102,47,"."
"01JAN1990","31DEC1990","PSA 103","X",1990,"X","X","X","X","X",103,50,"."
"01JAN1990","31DEC1990","PSA 104","X",1990,"X","X","X","X","X",104,33,"."
"01JAN1990","31DEC1990","PSA 105","X",1990,"X","X","X","X","X",105,15,"."
"01JAN1990","31DEC1990","PSA 106","X",1990,"X","X","X","X","X",106,33,"."
"01JAN1990","31DEC1990","PSA 107","X",1990,"X","X","X","X","X",107,11,"."
"01JAN1990","31DEC1990","PSA 108","X",1990,"X","X","X","X","X",108,32,"."
"01JAN1990","31DEC1990","PSA 201","X",1990,"X","X","X","X","X",201,5.1,"."
"01JAN1990","31DEC1990","PSA 202","X",1990,"X","X","X","X","X",202,5.6,"."
"01JAN1990","31DEC1990","PSA 203","X",1990,"X","X","X","X","X",203,7.1,"."
"01JAN1990","31DEC1990","PSA 204","X",1990,"X","X","X","X","X",204,5.8,"."
"01JAN1990","31DEC1990","PSA 205","X",1990,"X","X","X","X","X",205,4.6,"."
"01JAN1990","31DEC1990","PSA 206","X",1990,"X","X","X","X","X",206,4.4,"."
"01JAN1990","31DEC1990","PSA 207","X",1990,"X","X","X","X","X",207,5.1,"."
"01JAN1990","31DEC1990","PSA 208","X",1990,"X","X","X","X","X",208,9.1,"."
"01JAN1990","31DEC1990","PSA 301","X",1990,"X","X","X","X","X",301,20,"."
"01JAN1990","31DEC1990","PSA 302","X",1990,"X","X","X","X","X",302,48,"."
"01JAN1990","31DEC1990","PSA 303","X",1990,"X","X","X","X","X",303,17,"."
"01JAN1990","31DEC1990","PSA 304","X",1990,"X","X","X","X","X",304,47,"."
"01JAN1990","31DEC1990","PSA 305","X",1990,"X","X","X","X","X",305,38,"."
"01JAN1990","31DEC1990","PSA 306","X",1990,"X","X","X","X","X",306,43,"."
"01JAN1990","31DEC1990","PSA 307","X",1990,"X","X","X","X","X",307,32,"."
"01JAN1990","31DEC1990","PSA 308","X",1990,"X","X","X","X","X",308,45,"."
"01JAN1990","31DEC1990","PSA 401","X",1990,"X","X","X","X","X",401,15,"."
"01JAN1990","31DEC1990","PSA 402","X",1990,"X","X","X","X","X",402,24,"."
"01JAN1990","31DEC1990","PSA 403","X",1990,"X","X","X","X","X",403,31,"."
"01JAN1990","31DEC1990","PSA 404","X",1990,"X","X","X","X","X",404,30,"."
"01JAN1990","31DEC1990","PSA 405","X",1990,"X","X","X","X","X",405,21,"."
"01JAN1990","31DEC1990","PSA 406","X",1990,"X","X","X","X","X",406,23,"."
"01JAN1990","31DEC1990","PSA 407","X",1990,"X","X","X","X","X",407,34,"."
"01JAN1990","31DEC1990","PSA 408","X",1990,"X","X","X","X","X",408,27,"."
"01JAN1990","31DEC1990","PSA 409","X",1990,"X","X","X","X","X",409,48,"."
"01JAN1990","31DEC1990","PSA 501","X",1990,"X","X","X","X","X",501,36,"."
"01JAN1990","31DEC1990","PSA 502","X",1990,"X","X","X","X","X",502,39,"."
"01JAN1990","31DEC1990","PSA 503","X",1990,"X","X","X","X","X",503,32,"."
"01JAN1990","31DEC1990","PSA 504","X",1990,"X","X","X","X","X",504,24,"."
"01JAN1990","31DEC1990","PSA 505","X",1990,"X","X","X","X","X",505,44,"."
"01JAN1990","31DEC1990","PSA 506","X",1990,"X","X","X","X","X",506,47,"."
"01JAN1990","31DEC1990","PSA 507","X",1990,"X","X","X","X","X",507,45,"."
"01JAN1990","31DEC1990","PSA 601","X",1990,"X","X","X","X","X",601,41,"."
"01JAN1990","31DEC1990","PSA 602","X",1990,"X","X","X","X","X",602,40,"."
"01JAN1990","31DEC1990","PSA 603","X",1990,"X","X","X","X","X",603,38,"."
"01JAN1990","31DEC1990","PSA 604","X",1990,"X","X","X","X","X",604,40,"."
"01JAN1990","31DEC1990","PSA 605","X",1990,"X","X","X","X","X",605,27,"."
"01JAN1990","31DEC1990","PSA 606","X",1990,"X","X","X","X","X",606,19,"."
"01JAN1990","31DEC1990","PSA 607","X",1990,"X","X","X","X","X",607,28,"."
"01JAN1990","31DEC1990","PSA 608","X",1990,"X","X","X","X","X",608,46,"."
"01JAN1990","31DEC1990","PSA 701","X",1990,"X","X","X","X","X",701,39,"."
"01JAN1990","31DEC1990","PSA 702","X",1990,"X","X","X","X","X",702,42,"."
"01JAN1990","31DEC1990","PSA 703","X",1990,"X","X","X","X","X",703,49,"."
"01JAN1990","31DEC1990","PSA 704","X",1990,"X","X","X","X","X",704,46,"."
"01JAN1990","31DEC1990","PSA 705","X",1990,"X","X","X","X","X",705,37,"."
"01JAN1990","31DEC1990","PSA 706","X",1990,"X","X","X","X","X",706,46,"."
"01JAN1990","31DEC1990","PSA 707","X",1990,"X","X","X","X","X",707,23,"."
"01JAN1990","31DEC1990","PSA 708","X",1990,"X","X","X","X","X",708,35,"."

