"start_date","end_date","ZIP","aud","timeframe","aud_charter","aud_dcps","charter_present","dcps_present","school_present","ZIP_nf","Pct25andOverWoutHS","Pct25andOverWoutHS_m"
"01JAN2001","31DEC2001","ZIP 20001",6163,2001,117,6046,2.0,17,19,20001,".","."
"01JAN2002","31DEC2002","ZIP 20001",5975,2002,148,5827,2.0,17,19,20001,".","."
"01JAN2003","31DEC2003","ZIP 20001",5733,2003,101,5632,1.0,16,17,20001,".","."
"01JAN2004","31DEC2004","ZIP 20001",5881,2004,216,5665,2.0,17,19,20001,".","."
"01JAN2005","31DEC2005","ZIP 20001",5255,2005,115,5140,1.0,17,18,20001,".","."
"01JAN2006","31DEC2006","ZIP 20001",4888,2006,204,4684,3.0,16,19,20001,".","."
"01JAN2007","31DEC2007","ZIP 20001",4460,2007,280,4180,3.0,16,19,20001,".","."
"01JAN2008","31DEC2008","ZIP 20001",3963,2008,1194,2769,5.0,9.0,14,20001,".","."
"01JAN2009","31DEC2009","ZIP 20001",3966,2009,1496,2470,5.0,8.0,13,20001,".","."
"01JAN2010","31DEC2010","ZIP 20001",3776,2010,1630,2146,6.0,7.0,13,20001,".","."
"01JAN2011","31DEC2011","ZIP 20001",3706,2011,1309,2397,5.0,8.0,13,20001,".","."
"01JAN2012","31DEC2012","ZIP 20001",3738,2012,1449,2289,5.0,8.0,13,20001,".","."
"01JAN2013","31DEC2013","ZIP 20001",4249,2013,1901,2348,7.0,7.0,14,20001,".","."
"01JAN2001","31DEC2001","ZIP 20002",10099,2001,2130,7969,7.0,24,31,20002,".","."
"01JAN2002","31DEC2002","ZIP 20002",9606,2002,1938,7668,6.0,24,30,20002,".","."
"01JAN2003","31DEC2003","ZIP 20002",9847,2003,2932,6915,7.0,21,28,20002,".","."
"01JAN2004","31DEC2004","ZIP 20002",9696,2004,2755,6941,7.0,23,30,20002,".","."
"01JAN2005","31DEC2005","ZIP 20002",9485,2005,2663,6822,7.0,24,31,20002,".","."
"01JAN2006","31DEC2006","ZIP 20002",9215,2006,2566,6649,7.0,24,31,20002,".","."
"01JAN2007","31DEC2007","ZIP 20002",9470,2007,2576,6894,6.0,25,31,20002,".","."
"01JAN2008","31DEC2008","ZIP 20002",8783,2008,2388,6395,7.0,23,30,20002,".","."
"01JAN2009","31DEC2009","ZIP 20002",8082,2009,2231,5851,6.0,21,27,20002,".","."
"01JAN2010","31DEC2010","ZIP 20002",8407,2010,2465,5942,6.0,22,28,20002,".","."
"01JAN2011","31DEC2011","ZIP 20002",8168,2011,2233,5935,8.0,20,28,20002,".","."
"01JAN2012","31DEC2012","ZIP 20002",8569,2012,2407,6162,8.0,20,28,20002,".","."
"01JAN2013","31DEC2013","ZIP 20002",8707,2013,2642,6065,11,18,29,20002,".","."
"01JAN2001","31DEC2001","ZIP 20003",3546,2001,1228,2318,3.0,6.0,9.0,20003,".","."
"01JAN2002","31DEC2002","ZIP 20003",3547,2002,1297,2250,3.0,6.0,9.0,20003,".","."
"01JAN2003","31DEC2003","ZIP 20003",3657,2003,1507,2150,4.0,8.0,12,20003,".","."
"01JAN2004","31DEC2004","ZIP 20003",3571,2004,1536,2035,4.0,8.0,12,20003,".","."
"01JAN2005","31DEC2005","ZIP 20003",3630,2005,1713,1917,5.0,9.0,14,20003,".","."
"01JAN2006","31DEC2006","ZIP 20003",3861,2006,2211,1650,6.0,8.0,14,20003,".","."
"01JAN2007","31DEC2007","ZIP 20003",3584,2007,2037,1547,5.0,7.0,12,20003,".","."
"01JAN2008","31DEC2008","ZIP 20003",3212,2008,1933,1279,5.0,5.0,10,20003,".","."
"01JAN2009","31DEC2009","ZIP 20003",3423,2009,2038,1385,6.0,5.0,11,20003,".","."
"01JAN2010","31DEC2010","ZIP 20003",3732,2010,2222,1510,7.0,5.0,12,20003,".","."
"01JAN2011","31DEC2011","ZIP 20003",3789,2011,2223,1566,6.0,5.0,11,20003,".","."
"01JAN2012","31DEC2012","ZIP 20003",3625,2012,1976,1649,6.0,5.0,11,20003,".","."
"01JAN2013","31DEC2013","ZIP 20003",3758,2013,2063,1695,6.0,5.0,11,20003,".","."
"01JAN2001","31DEC2001","ZIP 20004",164,2001,164,0.0,1.0,0.0,1.0,20004,".","."
"01JAN2002","31DEC2002","ZIP 20004",118,2002,118,0.0,1.0,0.0,1.0,20004,".","."
"01JAN2003","31DEC2003","ZIP 20004",136,2003,136,0.0,1.0,0.0,1.0,20004,".","."
"01JAN2004","31DEC2004","ZIP 20004",146,2004,146,0.0,1.0,0.0,1.0,20004,".","."
"01JAN2005","31DEC2005","ZIP 20004",150,2005,150,0.0,1.0,0.0,1.0,20004,".","."
"01JAN2006","31DEC2006","ZIP 20004",179,2006,179,0.0,1.0,0.0,1.0,20004,".","."
"01JAN2007","31DEC2007","ZIP 20004",0.0,2007,0.0,0.0,0.0,0.0,0.0,20004,".","."
"01JAN2008","31DEC2008","ZIP 20004",0.0,2008,0.0,0.0,0.0,0.0,0.0,20004,".","."
"01JAN2009","31DEC2009","ZIP 20004",0.0,2009,0.0,0.0,0.0,0.0,0.0,20004,".","."
"01JAN2010","31DEC2010","ZIP 20004",0.0,2010,0.0,0.0,0.0,0.0,0.0,20004,".","."
"01JAN2011","31DEC2011","ZIP 20004",0.0,2011,0.0,0.0,0.0,0.0,0.0,20004,".","."
"01JAN2012","31DEC2012","ZIP 20004",443,2012,443,0.0,1.0,0.0,1.0,20004,".","."
"01JAN2013","31DEC2013","ZIP 20004",510,2013,510,0.0,1.0,0.0,1.0,20004,".","."
"01JAN2001","31DEC2001","ZIP 20005",294,2001,0.0,294,0.0,1.0,1.0,20005,".","."
"01JAN2002","31DEC2002","ZIP 20005",0.0,2002,0.0,0.0,0.0,0.0,0.0,20005,".","."
"01JAN2003","31DEC2003","ZIP 20005",281,2003,0.0,281,0.0,1.0,1.0,20005,".","."
"01JAN2004","31DEC2004","ZIP 20005",416,2004,152,264,1.0,1.0,2.0,20005,".","."
"01JAN2005","31DEC2005","ZIP 20005",497,2005,205,292,1.0,1.0,2.0,20005,".","."
"01JAN2006","31DEC2006","ZIP 20005",514,2006,171,343,1.0,1.0,2.0,20005,".","."
"01JAN2007","31DEC2007","ZIP 20005",526,2007,131,395,1.0,1.0,2.0,20005,".","."
"01JAN2008","31DEC2008","ZIP 20005",508,2008,156,352,1.0,1.0,2.0,20005,".","."
"01JAN2009","31DEC2009","ZIP 20005",613,2009,215,398,1.0,1.0,2.0,20005,".","."
"01JAN2010","31DEC2010","ZIP 20005",632,2010,258,374,1.0,1.0,2.0,20005,".","."
"01JAN2011","31DEC2011","ZIP 20005",630,2011,303,327,1.0,1.0,2.0,20005,".","."
"01JAN2012","31DEC2012","ZIP 20005",608,2012,308,300,1.0,1.0,2.0,20005,".","."
"01JAN2013","31DEC2013","ZIP 20005",436,2013,147,289,1.0,1.0,2.0,20005,".","."
"01JAN2001","31DEC2001","ZIP 20006",0.0,2001,0.0,0.0,0.0,0.0,0.0,20006,".","."
"01JAN2002","31DEC2002","ZIP 20006",0.0,2002,0.0,0.0,0.0,0.0,0.0,20006,".","."
"01JAN2003","31DEC2003","ZIP 20006",0.0,2003,0.0,0.0,0.0,0.0,0.0,20006,".","."
"01JAN2004","31DEC2004","ZIP 20006",0.0,2004,0.0,0.0,0.0,0.0,0.0,20006,".","."
"01JAN2005","31DEC2005","ZIP 20006",114,2005,114,0.0,1.0,0.0,1.0,20006,".","."
"01JAN2006","31DEC2006","ZIP 20006",124,2006,124,0.0,1.0,0.0,1.0,20006,".","."
"01JAN2007","31DEC2007","ZIP 20006",0.0,2007,0.0,0.0,0.0,0.0,0.0,20006,".","."
"01JAN2008","31DEC2008","ZIP 20006",0.0,2008,0.0,0.0,0.0,0.0,0.0,20006,".","."
"01JAN2009","31DEC2009","ZIP 20006",0.0,2009,0.0,0.0,0.0,0.0,0.0,20006,".","."
"01JAN2010","31DEC2010","ZIP 20006",0.0,2010,0.0,0.0,0.0,0.0,0.0,20006,".","."
"01JAN2011","31DEC2011","ZIP 20006",0.0,2011,0.0,0.0,0.0,0.0,0.0,20006,".","."
"01JAN2012","31DEC2012","ZIP 20006",0.0,2012,0.0,0.0,0.0,0.0,0.0,20006,".","."
"01JAN2013","31DEC2013","ZIP 20006",0.0,2013,0.0,0.0,0.0,0.0,0.0,20006,".","."
"01JAN2001","31DEC2001","ZIP 20007",1228,2001,0.0,1228,0.0,4.0,4.0,20007,".","."
"01JAN2002","31DEC2002","ZIP 20007",1297,2002,0.0,1297,0.0,4.0,4.0,20007,".","."
"01JAN2003","31DEC2003","ZIP 20007",1262,2003,0.0,1262,0.0,4.0,4.0,20007,".","."
"01JAN2004","31DEC2004","ZIP 20007",1213,2004,0.0,1213,0.0,4.0,4.0,20007,".","."
"01JAN2005","31DEC2005","ZIP 20007",777,2005,0.0,777,0.0,3.0,3.0,20007,".","."
"01JAN2006","31DEC2006","ZIP 20007",930,2006,53,877,1.0,3.0,4.0,20007,".","."
"01JAN2007","31DEC2007","ZIP 20007",984,2007,86,898,1.0,3.0,4.0,20007,".","."
"01JAN2008","31DEC2008","ZIP 20007",1267,2008,0.0,1267,0.0,4.0,4.0,20007,".","."
"01JAN2009","31DEC2009","ZIP 20007",1430,2009,0.0,1430,0.0,4.0,4.0,20007,".","."
"01JAN2010","31DEC2010","ZIP 20007",1624,2010,0.0,1624,0.0,4.0,4.0,20007,".","."
"01JAN2011","31DEC2011","ZIP 20007",1584,2011,0.0,1584,0.0,4.0,4.0,20007,".","."
"01JAN2012","31DEC2012","ZIP 20007",1635,2012,0.0,1635,0.0,4.0,4.0,20007,".","."
"01JAN2013","31DEC2013","ZIP 20007",1627,2013,0.0,1627,0.0,4.0,4.0,20007,".","."
"01JAN2001","31DEC2001","ZIP 20008",1398,2001,0.0,1398,0.0,4.0,4.0,20008,".","."
"01JAN2002","31DEC2002","ZIP 20008",1451,2002,0.0,1451,0.0,4.0,4.0,20008,".","."
"01JAN2003","31DEC2003","ZIP 20008",1444,2003,0.0,1444,0.0,4.0,4.0,20008,".","."
"01JAN2004","31DEC2004","ZIP 20008",1443,2004,0.0,1443,0.0,4.0,4.0,20008,".","."
"01JAN2005","31DEC2005","ZIP 20008",1443,2005,0.0,1443,0.0,4.0,4.0,20008,".","."
"01JAN2006","31DEC2006","ZIP 20008",1470,2006,0.0,1470,0.0,4.0,4.0,20008,".","."
"01JAN2007","31DEC2007","ZIP 20008",1396,2007,0.0,1396,0.0,4.0,4.0,20008,".","."
"01JAN2008","31DEC2008","ZIP 20008",1414,2008,0.0,1414,0.0,4.0,4.0,20008,".","."
"01JAN2009","31DEC2009","ZIP 20008",1434,2009,0.0,1434,0.0,4.0,4.0,20008,".","."
"01JAN2010","31DEC2010","ZIP 20008",1554,2010,0.0,1554,0.0,4.0,4.0,20008,".","."
"01JAN2011","31DEC2011","ZIP 20008",1625,2011,0.0,1625,0.0,4.0,4.0,20008,".","."
"01JAN2012","31DEC2012","ZIP 20008",1638,2012,0.0,1638,0.0,4.0,4.0,20008,".","."
"01JAN2013","31DEC2013","ZIP 20008",1719,2013,0.0,1719,0.0,4.0,4.0,20008,".","."
"01JAN2001","31DEC2001","ZIP 20009",4311,2001,1802,2509,7.0,6.0,13,20009,".","."
"01JAN2002","31DEC2002","ZIP 20009",4540,2002,2057,2483,7.0,6.0,13,20009,".","."
"01JAN2003","31DEC2003","ZIP 20009",4884,2003,2482,2402,8.0,6.0,14,20009,".","."
"01JAN2004","31DEC2004","ZIP 20009",4758,2004,2806,1952,13,5.0,18,20009,".","."
"01JAN2005","31DEC2005","ZIP 20009",4638,2005,2847,1791,16,5.0,21,20009,".","."
"01JAN2006","31DEC2006","ZIP 20009",5149,2006,3304,1845,17,5.0,22,20009,".","."
"01JAN2007","31DEC2007","ZIP 20009",5491,2007,3614,1877,18,5.0,23,20009,".","."
"01JAN2008","31DEC2008","ZIP 20009",5359,2008,3589,1770,17,5.0,22,20009,".","."
"01JAN2009","31DEC2009","ZIP 20009",5722,2009,3808,1914,12,6.0,18,20009,".","."
"01JAN2010","31DEC2010","ZIP 20009",5495,2010,3488,2007,10,6.0,16,20009,".","."
"01JAN2011","31DEC2011","ZIP 20009",6226,2011,4281,1945,12,6.0,18,20009,".","."
"01JAN2012","31DEC2012","ZIP 20009",6567,2012,4564,2003,13,6.0,19,20009,".","."
"01JAN2013","31DEC2013","ZIP 20009",7244,2013,5024,2220,13,6.0,19,20009,".","."
"01JAN2001","31DEC2001","ZIP 20010",3394,2001,157,3237,1.0,7.0,8.0,20010,".","."
"01JAN2002","31DEC2002","ZIP 20010",2882,2002,208,2674,1.0,7.0,8.0,20010,".","."
"01JAN2003","31DEC2003","ZIP 20010",2833,2003,247,2586,1.0,7.0,8.0,20010,".","."
"01JAN2004","31DEC2004","ZIP 20010",2636,2004,249,2387,1.0,7.0,8.0,20010,".","."
"01JAN2005","31DEC2005","ZIP 20010",2793,2005,251,2542,1.0,8.0,9.0,20010,".","."
"01JAN2006","31DEC2006","ZIP 20010",2802,2006,250,2552,3.0,6.0,9.0,20010,".","."
"01JAN2007","31DEC2007","ZIP 20010",2753,2007,251,2502,3.0,5.0,8.0,20010,".","."
"01JAN2008","31DEC2008","ZIP 20010",3385,2008,525,2860,3.0,5.0,8.0,20010,".","."
"01JAN2009","31DEC2009","ZIP 20010",3822,2009,872,2950,4.0,5.0,9.0,20010,".","."
"01JAN2010","31DEC2010","ZIP 20010",3762,2010,1161,2601,4.0,5.0,9.0,20010,".","."
"01JAN2011","31DEC2011","ZIP 20010",4161,2011,1105,3056,4.0,5.0,9.0,20010,".","."
"01JAN2012","31DEC2012","ZIP 20010",4189,2012,1055,3134,5.0,5.0,10,20010,".","."
"01JAN2013","31DEC2013","ZIP 20010",4359,2013,1086,3273,5.0,5.0,10,20010,".","."
"01JAN2001","31DEC2001","ZIP 20011",8071,2001,1558,6513,7.0,16,23,20011,".","."
"01JAN2002","31DEC2002","ZIP 20011",8454,2002,1856,6598,8.0,17,25,20011,".","."
"01JAN2003","31DEC2003","ZIP 20011",8233,2003,1971,6262,8.0,17,25,20011,".","."
"01JAN2004","31DEC2004","ZIP 20011",8118,2004,2362,5756,9.0,17,26,20011,".","."
"01JAN2005","31DEC2005","ZIP 20011",7536,2005,2579,4957,12,16,28,20011,".","."
"01JAN2006","31DEC2006","ZIP 20011",7400,2006,2701,4699,13,16,29,20011,".","."
"01JAN2007","31DEC2007","ZIP 20011",7826,2007,3331,4495,18,16,34,20011,".","."
"01JAN2008","31DEC2008","ZIP 20011",8312,2008,4061,4251,21,13,34,20011,".","."
"01JAN2009","31DEC2009","ZIP 20011",8580,2009,4207,4373,18,14,32,20011,".","."
"01JAN2010","31DEC2010","ZIP 20011",8693,2010,4094,4599,17,13,30,20011,".","."
"01JAN2011","31DEC2011","ZIP 20011",8985,2011,4400,4585,17,13,30,20011,".","."
"01JAN2012","31DEC2012","ZIP 20011",10057,2012,5158,4899,19,13,32,20011,".","."
"01JAN2013","31DEC2013","ZIP 20011",10842,2013,5764,5078,20,12,32,20011,".","."
"01JAN2001","31DEC2001","ZIP 20012",1660,2001,0.0,1660,0.0,3.0,3.0,20012,".","."
"01JAN2002","31DEC2002","ZIP 20012",1599,2002,0.0,1599,0.0,3.0,3.0,20012,".","."
"01JAN2003","31DEC2003","ZIP 20012",1509,2003,0.0,1509,0.0,3.0,3.0,20012,".","."
"01JAN2004","31DEC2004","ZIP 20012",1381,2004,0.0,1381,0.0,3.0,3.0,20012,".","."
"01JAN2005","31DEC2005","ZIP 20012",1377,2005,0.0,1377,0.0,3.0,3.0,20012,".","."
"01JAN2006","31DEC2006","ZIP 20012",1347,2006,0.0,1347,0.0,3.0,3.0,20012,".","."
"01JAN2007","31DEC2007","ZIP 20012",1288,2007,0.0,1288,0.0,3.0,3.0,20012,".","."
"01JAN2008","31DEC2008","ZIP 20012",1282,2008,0.0,1282,0.0,3.0,3.0,20012,".","."
"01JAN2009","31DEC2009","ZIP 20012",1215,2009,0.0,1215,0.0,3.0,3.0,20012,".","."
"01JAN2010","31DEC2010","ZIP 20012",1352,2010,0.0,1352,0.0,3.0,3.0,20012,".","."
"01JAN2011","31DEC2011","ZIP 20012",1184,2011,0.0,1184,0.0,3.0,3.0,20012,".","."
"01JAN2012","31DEC2012","ZIP 20012",1170,2012,0.0,1170,0.0,3.0,3.0,20012,".","."
"01JAN2013","31DEC2013","ZIP 20012",1179,2013,0.0,1179,0.0,3.0,3.0,20012,".","."
"01JAN2001","31DEC2001","ZIP 20015",499,2001,0.0,499,0.0,1.0,1.0,20015,".","."
"01JAN2002","31DEC2002","ZIP 20015",514,2002,0.0,514,0.0,1.0,1.0,20015,".","."
"01JAN2003","31DEC2003","ZIP 20015",537,2003,0.0,537,0.0,1.0,1.0,20015,".","."
"01JAN2004","31DEC2004","ZIP 20015",546,2004,0.0,546,0.0,1.0,1.0,20015,".","."
"01JAN2005","31DEC2005","ZIP 20015",579,2005,0.0,579,0.0,1.0,1.0,20015,".","."
"01JAN2006","31DEC2006","ZIP 20015",595,2006,0.0,595,0.0,1.0,1.0,20015,".","."
"01JAN2007","31DEC2007","ZIP 20015",623,2007,0.0,623,0.0,1.0,1.0,20015,".","."
"01JAN2008","31DEC2008","ZIP 20015",610,2008,0.0,610,0.0,1.0,1.0,20015,".","."
"01JAN2009","31DEC2009","ZIP 20015",634,2009,0.0,634,0.0,1.0,1.0,20015,".","."
"01JAN2010","31DEC2010","ZIP 20015",682,2010,0.0,682,0.0,1.0,1.0,20015,".","."
"01JAN2011","31DEC2011","ZIP 20015",707,2011,0.0,707,0.0,1.0,1.0,20015,".","."
"01JAN2012","31DEC2012","ZIP 20015",689,2012,0.0,689,0.0,1.0,1.0,20015,".","."
"01JAN2013","31DEC2013","ZIP 20015",689,2013,0.0,689,0.0,1.0,1.0,20015,".","."
"01JAN2001","31DEC2001","ZIP 20016",3433,2001,0.0,3433,0.0,6.0,6.0,20016,".","."
"01JAN2002","31DEC2002","ZIP 20016",3338,2002,0.0,3338,0.0,6.0,6.0,20016,".","."
"01JAN2003","31DEC2003","ZIP 20016",3337,2003,0.0,3337,0.0,6.0,6.0,20016,".","."
"01JAN2004","31DEC2004","ZIP 20016",3421,2004,213,3208,1.0,5.0,6.0,20016,".","."
"01JAN2005","31DEC2005","ZIP 20016",3347,2005,101,3246,1.0,5.0,6.0,20016,".","."
"01JAN2006","31DEC2006","ZIP 20016",3367,2006,178,3189,2.0,5.0,7.0,20016,".","."
"01JAN2007","31DEC2007","ZIP 20016",3427,2007,307,3120,2.0,5.0,7.0,20016,".","."
"01JAN2008","31DEC2008","ZIP 20016",3267,2008,205,3062,1.0,5.0,6.0,20016,".","."
"01JAN2009","31DEC2009","ZIP 20016",3411,2009,0.0,3411,0.0,5.0,5.0,20016,".","."
"01JAN2010","31DEC2010","ZIP 20016",3585,2010,0.0,3585,0.0,5.0,5.0,20016,".","."
"01JAN2011","31DEC2011","ZIP 20016",3871,2011,0.0,3871,0.0,5.0,5.0,20016,".","."
"01JAN2012","31DEC2012","ZIP 20016",4138,2012,0.0,4138,0.0,5.0,5.0,20016,".","."
"01JAN2013","31DEC2013","ZIP 20016",4239,2013,0.0,4239,0.0,5.0,5.0,20016,".","."
"01JAN2001","31DEC2001","ZIP 20017",1509,2001,0.0,1509,0.0,4.0,4.0,20017,".","."
"01JAN2002","31DEC2002","ZIP 20017",1506,2002,0.0,1506,0.0,4.0,4.0,20017,".","."
"01JAN2003","31DEC2003","ZIP 20017",1024,2003,0.0,1024,0.0,3.0,3.0,20017,".","."
"01JAN2004","31DEC2004","ZIP 20017",1174,2004,309,865,2.0,3.0,5.0,20017,".","."
"01JAN2005","31DEC2005","ZIP 20017",1246,2005,502,744,3.0,3.0,6.0,20017,".","."
"01JAN2006","31DEC2006","ZIP 20017",1987,2006,1012,975,5.0,4.0,9.0,20017,".","."
"01JAN2007","31DEC2007","ZIP 20017",2491,2007,1536,955,7.0,4.0,11,20017,".","."
"01JAN2008","31DEC2008","ZIP 20017",3198,2008,2475,723,11,2.0,13,20017,".","."
"01JAN2009","31DEC2009","ZIP 20017",3374,2009,2679,695,10,2.0,12,20017,".","."
"01JAN2010","31DEC2010","ZIP 20017",2812,2010,2535,277,10,2.0,12,20017,".","."
"01JAN2011","31DEC2011","ZIP 20017",3564,2011,2967,597,11,2.0,13,20017,".","."
"01JAN2012","31DEC2012","ZIP 20017",3464,2012,2824,640,8.0,2.0,10,20017,".","."
"01JAN2013","31DEC2013","ZIP 20017",3357,2013,2744,613,7.0,2.0,9.0,20017,".","."
"01JAN2001","31DEC2001","ZIP 20018",1545,2001,394,1151,1.0,5.0,6.0,20018,".","."
"01JAN2002","31DEC2002","ZIP 20018",1899,2002,390,1509,1.0,6.0,7.0,20018,".","."
"01JAN2003","31DEC2003","ZIP 20018",1802,2003,387,1415,2.0,6.0,8.0,20018,".","."
"01JAN2004","31DEC2004","ZIP 20018",2281,2004,546,1735,2.0,8.0,10,20018,".","."
"01JAN2005","31DEC2005","ZIP 20018",2320,2005,800,1520,2.0,7.0,9.0,20018,".","."
"01JAN2006","31DEC2006","ZIP 20018",2267,2006,918,1349,2.0,7.0,9.0,20018,".","."
"01JAN2007","31DEC2007","ZIP 20018",2221,2007,984,1237,2.0,6.0,8.0,20018,".","."
"01JAN2008","31DEC2008","ZIP 20018",2207,2008,972,1235,3.0,4.0,7.0,20018,".","."
"01JAN2009","31DEC2009","ZIP 20018",2036,2009,808,1228,2.0,4.0,6.0,20018,".","."
"01JAN2010","31DEC2010","ZIP 20018",2130,2010,830,1300,2.0,4.0,6.0,20018,".","."
"01JAN2011","31DEC2011","ZIP 20018",2948,2011,1735,1213,3.0,4.0,7.0,20018,".","."
"01JAN2012","31DEC2012","ZIP 20018",2814,2012,1741,1073,3.0,4.0,7.0,20018,".","."
"01JAN2013","31DEC2013","ZIP 20018",2564,2013,1632,932,4.0,3.0,7.0,20018,".","."
"01JAN2001","31DEC2001","ZIP 20019",10384,2001,1698,8686,5.0,22,27,20019,".","."
"01JAN2002","31DEC2002","ZIP 20019",10263,2002,1986,8277,4.0,22,26,20019,".","."
"01JAN2003","31DEC2003","ZIP 20019",10661,2003,2331,8330,4.0,24,28,20019,".","."
"01JAN2004","31DEC2004","ZIP 20019",10476,2004,2575,7901,6.0,24,30,20019,".","."
"01JAN2005","31DEC2005","ZIP 20019",10619,2005,3198,7421,7.0,24,31,20019,".","."
"01JAN2006","31DEC2006","ZIP 20019",9952,2006,3531,6421,8.0,20,28,20019,".","."
"01JAN2007","31DEC2007","ZIP 20019",9515,2007,3768,5747,8.0,20,28,20019,".","."
"01JAN2008","31DEC2008","ZIP 20019",9874,2008,4649,5225,12,20,32,20019,".","."
"01JAN2009","31DEC2009","ZIP 20019",9836,2009,4975,4861,13,20,33,20019,".","."
"01JAN2010","31DEC2010","ZIP 20019",9381,2010,5081,4300,12,20,32,20019,".","."
"01JAN2011","31DEC2011","ZIP 20019",9897,2011,5080,4817,12,17,29,20019,".","."
"01JAN2012","31DEC2012","ZIP 20019",9904,2012,5251,4653,13,16,29,20019,".","."
"01JAN2013","31DEC2013","ZIP 20019",9901,2013,5200,4701,14,13,27,20019,".","."
"01JAN2001","31DEC2001","ZIP 20020",7923,2001,369,7554,1.0,18,19,20020,".","."
"01JAN2002","31DEC2002","ZIP 20020",8126,2002,534,7592,1.0,18,19,20020,".","."
"01JAN2003","31DEC2003","ZIP 20020",8036,2003,597,7439,1.0,18,19,20020,".","."
"01JAN2004","31DEC2004","ZIP 20020",7566,2004,591,6975,1.0,18,19,20020,".","."
"01JAN2005","31DEC2005","ZIP 20020",7595,2005,1083,6512,3.0,19,22,20020,".","."
"01JAN2006","31DEC2006","ZIP 20020",6925,2006,1055,5870,3.0,18,21,20020,".","."
"01JAN2007","31DEC2007","ZIP 20020",6550,2007,1329,5221,5.0,19,24,20020,".","."
"01JAN2008","31DEC2008","ZIP 20020",6076,2008,1498,4578,4.0,14,18,20020,".","."
"01JAN2009","31DEC2009","ZIP 20020",6461,2009,2000,4461,8.0,13,21,20020,".","."
"01JAN2010","31DEC2010","ZIP 20020",6280,2010,2253,4027,8.0,12,20,20020,".","."
"01JAN2011","31DEC2011","ZIP 20020",7255,2011,3052,4203,12,12,24,20020,".","."
"01JAN2012","31DEC2012","ZIP 20020",7812,2012,3241,4571,12,13,25,20020,".","."
"01JAN2013","31DEC2013","ZIP 20020",7891,2013,3059,4832,10,12,22,20020,".","."
"01JAN2001","31DEC2001","ZIP 20024",1860,2001,219,1641,1.0,3.0,4.0,20024,".","."
"01JAN2002","31DEC2002","ZIP 20024",1610,2002,0.0,1610,0.0,3.0,3.0,20024,".","."
"01JAN2003","31DEC2003","ZIP 20024",1492,2003,0.0,1492,0.0,3.0,3.0,20024,".","."
"01JAN2004","31DEC2004","ZIP 20024",1421,2004,0.0,1421,0.0,3.0,3.0,20024,".","."
"01JAN2005","31DEC2005","ZIP 20024",1251,2005,36,1215,1.0,3.0,4.0,20024,".","."
"01JAN2006","31DEC2006","ZIP 20024",1158,2006,36,1122,1.0,3.0,4.0,20024,".","."
"01JAN2007","31DEC2007","ZIP 20024",924,2007,72,852,2.0,3.0,5.0,20024,".","."
"01JAN2008","31DEC2008","ZIP 20024",837,2008,72,765,2.0,2.0,4.0,20024,".","."
"01JAN2009","31DEC2009","ZIP 20024",701,2009,72,629,2.0,2.0,4.0,20024,".","."
"01JAN2010","31DEC2010","ZIP 20024",625,2010,79,546,2.0,2.0,4.0,20024,".","."
"01JAN2011","31DEC2011","ZIP 20024",598,2011,81,517,2.0,3.0,5.0,20024,".","."
"01JAN2012","31DEC2012","ZIP 20024",656,2012,84,572,2.0,2.0,4.0,20024,".","."
"01JAN2013","31DEC2013","ZIP 20024",720,2013,79,641,2.0,2.0,4.0,20024,".","."
"01JAN2001","31DEC2001","ZIP 20032",8169,2001,705,7464,2.0,15,17,20032,".","."
"01JAN2002","31DEC2002","ZIP 20032",8044,2002,762,7282,2.0,15,17,20032,".","."
"01JAN2003","31DEC2003","ZIP 20032",7572,2003,850,6722,2.0,16,18,20032,".","."
"01JAN2004","31DEC2004","ZIP 20032",6955,2004,874,6081,2.0,16,18,20032,".","."
"01JAN2005","31DEC2005","ZIP 20032",6793,2005,779,6014,3.0,16,19,20032,".","."
"01JAN2006","31DEC2006","ZIP 20032",6709,2006,766,5943,5.0,15,20,20032,".","."
"01JAN2007","31DEC2007","ZIP 20032",6924,2007,1121,5803,6.0,14,20,20032,".","."
"01JAN2008","31DEC2008","ZIP 20032",6933,2008,1480,5453,8.0,14,22,20032,".","."
"01JAN2009","31DEC2009","ZIP 20032",6825,2009,1698,5127,9.0,13,22,20032,".","."
"01JAN2010","31DEC2010","ZIP 20032",7166,2010,2237,4929,9.0,12,21,20032,".","."
"01JAN2011","31DEC2011","ZIP 20032",7226,2011,2375,4851,8.0,12,20,20032,".","."
"01JAN2012","31DEC2012","ZIP 20032",7441,2012,3298,4143,9.0,11,20,20032,".","."
"01JAN2013","31DEC2013","ZIP 20032",7884,2013,3885,3999,12,9.0,21,20032,".","."
"01JAN2001","31DEC2001","ZIP 20036",101,2001,101,0.0,1.0,0.0,1.0,20036,".","."
"01JAN2002","31DEC2002","ZIP 20036",117,2002,117,0.0,1.0,0.0,1.0,20036,".","."
"01JAN2003","31DEC2003","ZIP 20036",120,2003,120,0.0,1.0,0.0,1.0,20036,".","."
"01JAN2004","31DEC2004","ZIP 20036",118,2004,118,0.0,1.0,0.0,1.0,20036,".","."
"01JAN2005","31DEC2005","ZIP 20036",112,2005,112,0.0,1.0,0.0,1.0,20036,".","."
"01JAN2006","31DEC2006","ZIP 20036",126,2006,126,0.0,1.0,0.0,1.0,20036,".","."
"01JAN2007","31DEC2007","ZIP 20036",125,2007,125,0.0,1.0,0.0,1.0,20036,".","."
"01JAN2008","31DEC2008","ZIP 20036",146,2008,146,0.0,1.0,0.0,1.0,20036,".","."
"01JAN2009","31DEC2009","ZIP 20036",166,2009,166,0.0,1.0,0.0,1.0,20036,".","."
"01JAN2010","31DEC2010","ZIP 20036",145,2010,145,0.0,1.0,0.0,1.0,20036,".","."
"01JAN2011","31DEC2011","ZIP 20036",0.0,2011,0.0,0.0,0.0,0.0,0.0,20036,".","."
"01JAN2012","31DEC2012","ZIP 20036",0.0,2012,0.0,0.0,0.0,0.0,0.0,20036,".","."
"01JAN2013","31DEC2013","ZIP 20036",0.0,2013,0.0,0.0,0.0,0.0,0.0,20036,".","."
"01JAN2001","31DEC2001","ZIP 20037",1072,2001,0.0,1072,0.0,3.0,3.0,20037,".","."
"01JAN2002","31DEC2002","ZIP 20037",1058,2002,0.0,1058,0.0,3.0,3.0,20037,".","."
"01JAN2003","31DEC2003","ZIP 20037",998,2003,0.0,998,0.0,3.0,3.0,20037,".","."
"01JAN2004","31DEC2004","ZIP 20037",981,2004,0.0,981,0.0,3.0,3.0,20037,".","."
"01JAN2005","31DEC2005","ZIP 20037",949,2005,0.0,949,0.0,3.0,3.0,20037,".","."
"01JAN2006","31DEC2006","ZIP 20037",902,2006,0.0,902,0.0,3.0,3.0,20037,".","."
"01JAN2007","31DEC2007","ZIP 20037",396,2007,0.0,396,0.0,2.0,2.0,20037,".","."
"01JAN2008","31DEC2008","ZIP 20037",257,2008,0.0,257,0.0,1.0,1.0,20037,".","."
"01JAN2009","31DEC2009","ZIP 20037",683,2009,0.0,683,0.0,2.0,2.0,20037,".","."
"01JAN2010","31DEC2010","ZIP 20037",703,2010,0.0,703,0.0,2.0,2.0,20037,".","."
"01JAN2011","31DEC2011","ZIP 20037",760,2011,0.0,760,0.0,2.0,2.0,20037,".","."
"01JAN2012","31DEC2012","ZIP 20037",772,2012,0.0,772,0.0,2.0,2.0,20037,".","."
"01JAN2013","31DEC2013","ZIP 20037",869,2013,0.0,869,0.0,2.0,2.0,20037,".","."
"01JAN2001","31DEC2001","ZIP 20052",0.0,2001,0.0,0.0,0.0,0.0,0.0,20052,".","."
"01JAN2002","31DEC2002","ZIP 20052",0.0,2002,0.0,0.0,0.0,0.0,0.0,20052,".","."
"01JAN2003","31DEC2003","ZIP 20052",0.0,2003,0.0,0.0,0.0,0.0,0.0,20052,".","."
"01JAN2004","31DEC2004","ZIP 20052",0.0,2004,0.0,0.0,0.0,0.0,0.0,20052,".","."
"01JAN2005","31DEC2005","ZIP 20052",0.0,2005,0.0,0.0,0.0,0.0,0.0,20052,".","."
"01JAN2006","31DEC2006","ZIP 20052",0.0,2006,0.0,0.0,0.0,0.0,0.0,20052,".","."
"01JAN2007","31DEC2007","ZIP 20052",0.0,2007,0.0,0.0,0.0,0.0,0.0,20052,".","."
"01JAN2008","31DEC2008","ZIP 20052",0.0,2008,0.0,0.0,0.0,0.0,0.0,20052,".","."
"01JAN2009","31DEC2009","ZIP 20052",0.0,2009,0.0,0.0,0.0,0.0,0.0,20052,".","."
"01JAN2010","31DEC2010","ZIP 20052",0.0,2010,0.0,0.0,0.0,0.0,0.0,20052,".","."
"01JAN2011","31DEC2011","ZIP 20052",0.0,2011,0.0,0.0,0.0,0.0,0.0,20052,".","."
"01JAN2012","31DEC2012","ZIP 20052",0.0,2012,0.0,0.0,0.0,0.0,0.0,20052,".","."
"01JAN2013","31DEC2013","ZIP 20052",0.0,2013,0.0,0.0,0.0,0.0,0.0,20052,".","."
"01JAN2001","31DEC2001","ZIP 20057",0.0,2001,0.0,0.0,0.0,0.0,0.0,20057,".","."
"01JAN2002","31DEC2002","ZIP 20057",0.0,2002,0.0,0.0,0.0,0.0,0.0,20057,".","."
"01JAN2003","31DEC2003","ZIP 20057",0.0,2003,0.0,0.0,0.0,0.0,0.0,20057,".","."
"01JAN2004","31DEC2004","ZIP 20057",0.0,2004,0.0,0.0,0.0,0.0,0.0,20057,".","."
"01JAN2005","31DEC2005","ZIP 20057",0.0,2005,0.0,0.0,0.0,0.0,0.0,20057,".","."
"01JAN2006","31DEC2006","ZIP 20057",0.0,2006,0.0,0.0,0.0,0.0,0.0,20057,".","."
"01JAN2007","31DEC2007","ZIP 20057",0.0,2007,0.0,0.0,0.0,0.0,0.0,20057,".","."
"01JAN2008","31DEC2008","ZIP 20057",0.0,2008,0.0,0.0,0.0,0.0,0.0,20057,".","."
"01JAN2009","31DEC2009","ZIP 20057",0.0,2009,0.0,0.0,0.0,0.0,0.0,20057,".","."
"01JAN2010","31DEC2010","ZIP 20057",0.0,2010,0.0,0.0,0.0,0.0,0.0,20057,".","."
"01JAN2011","31DEC2011","ZIP 20057",0.0,2011,0.0,0.0,0.0,0.0,0.0,20057,".","."
"01JAN2012","31DEC2012","ZIP 20057",0.0,2012,0.0,0.0,0.0,0.0,0.0,20057,".","."
"01JAN2013","31DEC2013","ZIP 20057",0.0,2013,0.0,0.0,0.0,0.0,0.0,20057,".","."
"01JAN2001","31DEC2001","ZIP 20059",0.0,2001,0.0,0.0,0.0,0.0,0.0,20059,".","."
"01JAN2002","31DEC2002","ZIP 20059",0.0,2002,0.0,0.0,0.0,0.0,0.0,20059,".","."
"01JAN2003","31DEC2003","ZIP 20059",0.0,2003,0.0,0.0,0.0,0.0,0.0,20059,".","."
"01JAN2004","31DEC2004","ZIP 20059",0.0,2004,0.0,0.0,0.0,0.0,0.0,20059,".","."
"01JAN2005","31DEC2005","ZIP 20059",118,2005,118,0.0,1.0,0.0,1.0,20059,".","."
"01JAN2006","31DEC2006","ZIP 20059",237,2006,237,0.0,1.0,0.0,1.0,20059,".","."
"01JAN2007","31DEC2007","ZIP 20059",298,2007,298,0.0,1.0,0.0,1.0,20059,".","."
"01JAN2008","31DEC2008","ZIP 20059",286,2008,286,0.0,1.0,0.0,1.0,20059,".","."
"01JAN2009","31DEC2009","ZIP 20059",285,2009,285,0.0,1.0,0.0,1.0,20059,".","."
"01JAN2010","31DEC2010","ZIP 20059",296,2010,296,0.0,1.0,0.0,1.0,20059,".","."
"01JAN2011","31DEC2011","ZIP 20059",307,2011,307,0.0,1.0,0.0,1.0,20059,".","."
"01JAN2012","31DEC2012","ZIP 20059",316,2012,316,0.0,1.0,0.0,1.0,20059,".","."
"01JAN2013","31DEC2013","ZIP 20059",318,2013,318,0.0,1.0,0.0,1.0,20059,".","."
"01JAN2001","31DEC2001","ZIP 20064",37,2001,37,0.0,1.0,0.0,1.0,20064,".","."
"01JAN2002","31DEC2002","ZIP 20064",41,2002,41,0.0,1.0,0.0,1.0,20064,".","."
"01JAN2003","31DEC2003","ZIP 20064",39,2003,39,0.0,1.0,0.0,1.0,20064,".","."
"01JAN2004","31DEC2004","ZIP 20064",49,2004,49,0.0,1.0,0.0,1.0,20064,".","."
"01JAN2005","31DEC2005","ZIP 20064",37,2005,37,0.0,1.0,0.0,1.0,20064,".","."
"01JAN2006","31DEC2006","ZIP 20064",0.0,2006,0.0,0.0,0.0,0.0,0.0,20064,".","."
"01JAN2007","31DEC2007","ZIP 20064",0.0,2007,0.0,0.0,0.0,0.0,0.0,20064,".","."
"01JAN2008","31DEC2008","ZIP 20064",0.0,2008,0.0,0.0,0.0,0.0,0.0,20064,".","."
"01JAN2009","31DEC2009","ZIP 20064",0.0,2009,0.0,0.0,0.0,0.0,0.0,20064,".","."
"01JAN2010","31DEC2010","ZIP 20064",0.0,2010,0.0,0.0,0.0,0.0,0.0,20064,".","."
"01JAN2011","31DEC2011","ZIP 20064",0.0,2011,0.0,0.0,0.0,0.0,0.0,20064,".","."
"01JAN2012","31DEC2012","ZIP 20064",439,2012,439,0.0,1.0,0.0,1.0,20064,".","."
"01JAN2013","31DEC2013","ZIP 20064",511,2013,511,0.0,1.0,0.0,1.0,20064,".","."
"01JAN2001","31DEC2001","ZIP 20332",0.0,2001,0.0,0.0,0.0,0.0,0.0,20332,".","."
"01JAN2002","31DEC2002","ZIP 20332",0.0,2002,0.0,0.0,0.0,0.0,0.0,20332,".","."
"01JAN2003","31DEC2003","ZIP 20332",0.0,2003,0.0,0.0,0.0,0.0,0.0,20332,".","."
"01JAN2004","31DEC2004","ZIP 20332",0.0,2004,0.0,0.0,0.0,0.0,0.0,20332,".","."
"01JAN2005","31DEC2005","ZIP 20332",0.0,2005,0.0,0.0,0.0,0.0,0.0,20332,".","."
"01JAN2006","31DEC2006","ZIP 20332",0.0,2006,0.0,0.0,0.0,0.0,0.0,20332,".","."
"01JAN2007","31DEC2007","ZIP 20332",0.0,2007,0.0,0.0,0.0,0.0,0.0,20332,".","."
"01JAN2008","31DEC2008","ZIP 20332",0.0,2008,0.0,0.0,0.0,0.0,0.0,20332,".","."
"01JAN2009","31DEC2009","ZIP 20332",0.0,2009,0.0,0.0,0.0,0.0,0.0,20332,".","."
"01JAN2010","31DEC2010","ZIP 20332",0.0,2010,0.0,0.0,0.0,0.0,0.0,20332,".","."
"01JAN2011","31DEC2011","ZIP 20332",0.0,2011,0.0,0.0,0.0,0.0,0.0,20332,".","."
"01JAN2012","31DEC2012","ZIP 20332",0.0,2012,0.0,0.0,0.0,0.0,0.0,20332,".","."
"01JAN2013","31DEC2013","ZIP 20332",0.0,2013,0.0,0.0,0.0,0.0,0.0,20332,".","."
"01JAN2001","31DEC2001","ZIP 20336",0.0,2001,0.0,0.0,0.0,0.0,0.0,20336,".","."
"01JAN2002","31DEC2002","ZIP 20336",0.0,2002,0.0,0.0,0.0,0.0,0.0,20336,".","."
"01JAN2003","31DEC2003","ZIP 20336",0.0,2003,0.0,0.0,0.0,0.0,0.0,20336,".","."
"01JAN2004","31DEC2004","ZIP 20336",0.0,2004,0.0,0.0,0.0,0.0,0.0,20336,".","."
"01JAN2005","31DEC2005","ZIP 20336",0.0,2005,0.0,0.0,0.0,0.0,0.0,20336,".","."
"01JAN2006","31DEC2006","ZIP 20336",0.0,2006,0.0,0.0,0.0,0.0,0.0,20336,".","."
"01JAN2007","31DEC2007","ZIP 20336",0.0,2007,0.0,0.0,0.0,0.0,0.0,20336,".","."
"01JAN2008","31DEC2008","ZIP 20336",0.0,2008,0.0,0.0,0.0,0.0,0.0,20336,".","."
"01JAN2009","31DEC2009","ZIP 20336",0.0,2009,0.0,0.0,0.0,0.0,0.0,20336,".","."
"01JAN2010","31DEC2010","ZIP 20336",0.0,2010,0.0,0.0,0.0,0.0,0.0,20336,".","."
"01JAN2011","31DEC2011","ZIP 20336",0.0,2011,0.0,0.0,0.0,0.0,0.0,20336,".","."
"01JAN2012","31DEC2012","ZIP 20336",0.0,2012,0.0,0.0,0.0,0.0,0.0,20336,".","."
"01JAN2013","31DEC2013","ZIP 20336",0.0,2013,0.0,0.0,0.0,0.0,0.0,20336,".","."
"01JAN2011","31DEC2015","ZIP 20001",".",2012,".",".",".",".",".",20001,11,1.3
"01JAN2011","31DEC2015","ZIP 20002",".",2012,".",".",".",".",".",20002,10,1.0
"01JAN2011","31DEC2015","ZIP 20003",".",2012,".",".",".",".",".",20003,6.2,1.1
"01JAN2011","31DEC2015","ZIP 20004",".",2012,".",".",".",".",".",20004,8.6,5.4
"01JAN2011","31DEC2015","ZIP 20005",".",2012,".",".",".",".",".",20005,7.5,2.7
"01JAN2011","31DEC2015","ZIP 20006",".",2012,".",".",".",".",".",20006,5.1,14
"01JAN2011","31DEC2015","ZIP 20007",".",2012,".",".",".",".",".",20007,2.1,1.1
"01JAN2011","31DEC2015","ZIP 20008",".",2012,".",".",".",".",".",20008,1.4,0.7
"01JAN2011","31DEC2015","ZIP 20009",".",2012,".",".",".",".",".",20009,6.7,1.1
"01JAN2011","31DEC2015","ZIP 20010",".",2012,".",".",".",".",".",20010,17,2.2
"01JAN2011","31DEC2015","ZIP 20011",".",2012,".",".",".",".",".",20011,14,1.3
"01JAN2011","31DEC2015","ZIP 20012",".",2012,".",".",".",".",".",20012,9.0,2.2
"01JAN2011","31DEC2015","ZIP 20015",".",2012,".",".",".",".",".",20015,2.3,1.3
"01JAN2011","31DEC2015","ZIP 20016",".",2012,".",".",".",".",".",20016,2.0,0.9
"01JAN2011","31DEC2015","ZIP 20017",".",2012,".",".",".",".",".",20017,10,2.1
"01JAN2011","31DEC2015","ZIP 20018",".",2012,".",".",".",".",".",20018,14,1.9
"01JAN2011","31DEC2015","ZIP 20019",".",2012,".",".",".",".",".",20019,17,1.4
"01JAN2011","31DEC2015","ZIP 20020",".",2012,".",".",".",".",".",20020,16,1.5
"01JAN2011","31DEC2015","ZIP 20024",".",2012,".",".",".",".",".",20024,6.7,1.7
"01JAN2011","31DEC2015","ZIP 20032",".",2012,".",".",".",".",".",20032,17,1.9
"01JAN2011","31DEC2015","ZIP 20036",".",2012,".",".",".",".",".",20036,1.0,1.7
"01JAN2011","31DEC2015","ZIP 20037",".",2012,".",".",".",".",".",20037,2.7,2.0
"01JAN2011","31DEC2015","ZIP 20052",".",2012,".",".",".",".",".",20052,5.4,22
"01JAN2011","31DEC2015","ZIP 20057",".",2012,".",".",".",".",".",20057,0.0,76
"01JAN2011","31DEC2015","ZIP 20059",".",2012,".",".",".",".",".",20059,10,17
"01JAN2011","31DEC2015","ZIP 20064",".",2012,".",".",".",".",".",20064,15,5.9
"01JAN2011","31DEC2015","ZIP 20332",".",2012,".",".",".",".",".",20332,0.0,3.8
"01JAN2011","31DEC2015","ZIP 20336",".",2012,".",".",".",".",".",20336,0.0,2.9
"01JAN2000","31DEC2000","ZIP 20001",".",2000,".",".",".",".",".",20001,35,"."
"01JAN2000","31DEC2000","ZIP 20002",".",2000,".",".",".",".",".",20002,27,"."
"01JAN2000","31DEC2000","ZIP 20003",".",2000,".",".",".",".",".",20003,19,"."
"01JAN2000","31DEC2000","ZIP 20004",".",2000,".",".",".",".",".",20004,32,"."
"01JAN2000","31DEC2000","ZIP 20005",".",2000,".",".",".",".",".",20005,23,"."
"01JAN2000","31DEC2000","ZIP 20006",".",2000,".",".",".",".",".",20006,3.8,"."
"01JAN2000","31DEC2000","ZIP 20007",".",2000,".",".",".",".",".",20007,2.2,"."
"01JAN2000","31DEC2000","ZIP 20008",".",2000,".",".",".",".",".",20008,4.4,"."
"01JAN2000","31DEC2000","ZIP 20009",".",2000,".",".",".",".",".",20009,21,"."
"01JAN2000","31DEC2000","ZIP 20010",".",2000,".",".",".",".",".",20010,40,"."
"01JAN2000","31DEC2000","ZIP 20011",".",2000,".",".",".",".",".",20011,26,"."
"01JAN2000","31DEC2000","ZIP 20012",".",2000,".",".",".",".",".",20012,15,"."
"01JAN2000","31DEC2000","ZIP 20015",".",2000,".",".",".",".",".",20015,6.8,"."
"01JAN2000","31DEC2000","ZIP 20016",".",2000,".",".",".",".",".",20016,3.7,"."
"01JAN2000","31DEC2000","ZIP 20017",".",2000,".",".",".",".",".",20017,22,"."
"01JAN2000","31DEC2000","ZIP 20018",".",2000,".",".",".",".",".",20018,27,"."
"01JAN2000","31DEC2000","ZIP 20019",".",2000,".",".",".",".",".",20019,32,"."
"01JAN2000","31DEC2000","ZIP 20020",".",2000,".",".",".",".",".",20020,30,"."
"01JAN2000","31DEC2000","ZIP 20024",".",2000,".",".",".",".",".",20024,19,"."
"01JAN2000","31DEC2000","ZIP 20032",".",2000,".",".",".",".",".",20032,34,"."
"01JAN2000","31DEC2000","ZIP 20036",".",2000,".",".",".",".",".",20036,5.8,"."
"01JAN2000","31DEC2000","ZIP 20037",".",2000,".",".",".",".",".",20037,5.4,"."
"01JAN2000","31DEC2000","ZIP 20052",".",2000,".",".",".",".",".",20052,3.8,"."
"01JAN2000","31DEC2000","ZIP 20057",".",2000,".",".",".",".",".",20057,14,"."
"01JAN2000","31DEC2000","ZIP 20059",".",2000,".",".",".",".",".",20059,37,"."
"01JAN2000","31DEC2000","ZIP 20064",".",2000,".",".",".",".",".",20064,18,"."
"01JAN2000","31DEC2000","ZIP 20332",".",2000,".",".",".",".",".",20332,4.6,"."
"01JAN2000","31DEC2000","ZIP 20336",".",2000,".",".",".",".",".",20336,4.6,"."
"01JAN1990","31DEC1990","ZIP 20001",".",1990,".",".",".",".",".",20001,43,"."
"01JAN1990","31DEC1990","ZIP 20002",".",1990,".",".",".",".",".",20002,36,"."
"01JAN1990","31DEC1990","ZIP 20003",".",1990,".",".",".",".",".",20003,26,"."
"01JAN1990","31DEC1990","ZIP 20004",".",1990,".",".",".",".",".",20004,49,"."
"01JAN1990","31DEC1990","ZIP 20005",".",1990,".",".",".",".",".",20005,23,"."
"01JAN1990","31DEC1990","ZIP 20006",".",1990,".",".",".",".",".",20006,2.6,"."
"01JAN1990","31DEC1990","ZIP 20007",".",1990,".",".",".",".",".",20007,4.9,"."
"01JAN1990","31DEC1990","ZIP 20008",".",1990,".",".",".",".",".",20008,6.4,"."
"01JAN1990","31DEC1990","ZIP 20009",".",1990,".",".",".",".",".",20009,26,"."
"01JAN1990","31DEC1990","ZIP 20010",".",1990,".",".",".",".",".",20010,38,"."
"01JAN1990","31DEC1990","ZIP 20011",".",1990,".",".",".",".",".",20011,28,"."
"01JAN1990","31DEC1990","ZIP 20012",".",1990,".",".",".",".",".",20012,16,"."
"01JAN1990","31DEC1990","ZIP 20015",".",1990,".",".",".",".",".",20015,5.1,"."
"01JAN1990","31DEC1990","ZIP 20016",".",1990,".",".",".",".",".",20016,5.7,"."
"01JAN1990","31DEC1990","ZIP 20017",".",1990,".",".",".",".",".",20017,26,"."
"01JAN1990","31DEC1990","ZIP 20018",".",1990,".",".",".",".",".",20018,34,"."
"01JAN1990","31DEC1990","ZIP 20019",".",1990,".",".",".",".",".",20019,40,"."
"01JAN1990","31DEC1990","ZIP 20020",".",1990,".",".",".",".",".",20020,35,"."
"01JAN1990","31DEC1990","ZIP 20024",".",1990,".",".",".",".",".",20024,14,"."
"01JAN1990","31DEC1990","ZIP 20032",".",1990,".",".",".",".",".",20032,41,"."
"01JAN1990","31DEC1990","ZIP 20036",".",1990,".",".",".",".",".",20036,10,"."
"01JAN1990","31DEC1990","ZIP 20037",".",1990,".",".",".",".",".",20037,4.9,"."
"01JAN1990","31DEC1990","ZIP 20052",".",1990,".",".",".",".",".",20052,2.6,"."
"01JAN1990","31DEC1990","ZIP 20057",".",1990,".",".",".",".",".",20057,4.3,"."
"01JAN1990","31DEC1990","ZIP 20059",".",1990,".",".",".",".",".",20059,43,"."
"01JAN1990","31DEC1990","ZIP 20064",".",1990,".",".",".",".",".",20064,23,"."
"01JAN1990","31DEC1990","ZIP 20332",".",1990,".",".",".",".",".",20332,4.7,"."
"01JAN1990","31DEC1990","ZIP 20336",".",1990,".",".",".",".",".",20336,4.7,"."

